abandon,"vt.放弃,遗弃;n.放任,狂热"
alike,"adj.相同的,相似的;adv.以同样的方式,类似于"
assign,"vt.分配,指派;v.赋值;[计]将驱动器符重定向至第二个驱动器符"
ability,"n.能力,才干"
alliance,"n.联盟,联合"
assignment,"n.分配,委派,任务,(课外)作业"
aboard,"adv.在船(飞机、车)上,上船(飞机、车);prep.在(船、飞机、车)上,上(船、飞机、车)"
allocate,"vt.分派,分配"
assist,"v.援助,帮助"
abroad,"adv.往国外,到处,海外,广泛,差得远,心里没有谱"
allow,"vt.允许,承认"
assistance,"n.协助,援助,补助,<英>国家补助"
absence,"n.不在,缺席,缺乏,没有"
allowance,"n.津贴,补助,宽容,允许;vt.定量供应"
assistant,"n.助手,助教;adj.辅助的,助理的"
absent,"adj.不在的,缺席的,缺少的;vt.缺席"
ally,"v.结盟,与...(在血统,性质等上)有关联,同盟;n.同盟国,支持者"
associate,"vt.使发生联系,使联合;vi.交往,结交;n.合作人,同事;adj.副的"
absolute,"adj.完全的,绝对的"
alongside,adv.在旁;prep.横靠
association,"n.协会,联合,结交,联想"
absorb,"vt.吸收,吸引"
alphabet,n.字母表
assume,"vt.假定,设想,采取,呈现"
abstract,"n.摘要,概要,抽象;adj.抽象的,深奥的,理论的;vt.摘要,提炼,抽象化"
alter,v.改变
assumption,"n.假定,设想,担任,承当,假装,作态"
abundant,"adj.丰富的,充裕的,丰富,盛产,富于"
alternative,"n.二中择一,可供选择的办法,事物;adj.选择性的,二中择一的"
assure,"vt.断然地说,确告,保证,担保"
abuse,"n.滥用,虐待,辱骂,陋习,弊端;v.滥用,虐待,辱骂"
altitude,"n.(尤指海拔)高度,高处(海拔甚高的地方),(等级,地位等)高等"
astonish,vt.使惊讶
academic,"adj.学院的,理论的"
aluminium,n.[化]铝;adj.铝的
athlete,"n.运动员,运动选手"
academy,"n.(高等)专科院校,研究院,学会,学术团体,学院"
amateur,"n.业余爱好者,业余艺术家"
atmosphere,"n.大气,空气,气氛"
accelerate,"v.加速,促进"
amaze,vt.使吃惊
atomic,"adj.原子的,原子能的,微粒子的"
accent,"n.重音,口音,重音符"
ambassador,n.大使
attach,"vt.缚上,系上,贴上;v.配属,隶属于"
acceptance,"n.接受,承诺,容忍,赞同,相信"
ambition,"n.野心,雄心"
attack,"n.进攻,攻击,(用语言)抨击,批评,疾病发作,侵袭;vt.攻击,抨击,动手处理(某事);vi.攻击"
access,"n.通路,访问,入门;vt.存取,接近"
ambulance,"n.战时流动医院,救护车"
attain,"vt.达到,获得;v.达到"
accident,"n.意外事件,事故"
amid,prep.在...中
attempt,"n.努力,尝试,企图;vt.尝试,企图"
accidental,"adj.意外的,非主要的,附属的;n.非本质属性,次要方面"
amongst,"prep.在...中间,在...之中"
attitude,"n.姿势,态度,看法,意见"
accommodation,"n.住处,膳宿,(车,船,飞机等的)预定铺位,(眼睛等的)适应性调节,(社会集团间的)迁就融合"
amuse,"vt.使发笑,使愉快"
attorney,"n.<美>律师,(业务或法律事务上的)代理人"
accompany,"vt.陪伴,伴奏"
analyse,"vt.分析,分解;n.分析"
attract,"vt.吸引;vi.有吸引力,引起注意"
accomplish,"vt.完成,达到,实现"
analysis,"n.分析,分解"
attraction,"n.吸引,吸引力,吸引人的事物"
accord,"n.一致,符合,调和,协定;vt.一致,给与;vi.符合"
ancestor,"n.祖先,祖宗"
attractive,"adj.吸引人的,有魅力的"
accordance,"n.一致,和谐"
anchor,"n.锚;v.抛锚,锚定"
attribute,"n.属性,品质,特征,加于,归结于"
according,adv.依照
ancient,"adj.远古的,旧的"
audience,"n.听众,观众,接见,拜见"
accordingly,"adv.因此,从而"
angle,"n.[数]角,角落;vi.钓鱼,追逐"
audio,"adj.音频的,声频的,声音的"
account,"n.计算,帐目,说明,估计,理由;vi.说明,总计有,认为,得分;vt.认为"
ankle,n.[解]踝
author,"n.作家,创造者"
accountant,"n.会计(员),会计师"
anniversary,n.周年纪念
authority,"\n.权威,威信,权威人士,权力,职权,典据,著作权威"
accumulate,"v.积聚,堆积"
annoy,"vt.使苦恼,骚扰"
auto,n.<美口>汽车
accuracy,"n.精确性,正确度"
annual,"n.一年生植物,年刊,年鉴;adj.一年一次的,每年的,一年生的"
automatic,"n.自动机械;adj.自动的,无意识的,机械的"
accurate,"adj.正确的,精确的"
anticipate,"vt.预期,期望,过早使用,先人一着,占先;v.预订,预见,可以预料"
automobile,"n.<主美>汽车(=<英>motorcar,car)"
accuse,"vt.控告,谴责,非难"
antique,"n.古物,古董;adj.古时的,过时的"
auxiliary,"adj.辅助的,补助的"
accustomed,"adj.通常的,习惯的,按照风俗习惯的"
anxiety,"n.忧虑,焦急,渴望,热望"
available,"adj.可用到的,可利用的,有用的,有空的,接受探访的"
ache,"n.疼痛;vi.觉得疼痛,渴望"
anxious,"adj.观念的,担忧的,渴望的,盼望的"
avenue,"n.林荫道,大街,方法,途径,路"
achievement,"n.成就,功绩"
anyhow,"adv.无论如何,总之"
average,"n.平均,平均水平,平均数,海损;adj.一般的,通常的,平均的;vt.平均为,均分,使平衡,达到平均水平;vi.买进,卖出"
acid,"n.[化]酸,<俚>迷幻药;adj.酸的,讽刺的,刻薄的"
anyway,"adv.无论如何,总之"
avoid,"vt.避免,消除"
acknowledge,"vt.承认,答谢,报偿"
apart,"adv.分离,分成零件,分别地,分离着;adj.分开的"
await,vt.等候
acquaintance,"n.相识,熟人"
apartment,"n.<美>公寓住宅,单元住宅,房间"
award,"n.奖,奖品;vt.授予,判给"
acquire,"vt.获得,学到"
apologize,"vi.(apologise)道歉,辩白"
aware,"adj.知道的,明白的,意识到的"
acquisition,"n.获得,获得物"
apology,"n.(为某种思想,宗教,哲学等)辩解,道歉"
awful,"adj.可怕的,威严的,<口>极度的,糟糕的"
acre,"n.英亩,地产,大片田地"
apparent,"adj.显然的,外观上的"
awkward,"adj.难使用的,笨拙的"
action,"n.动作,作用,战斗,行动,情节,(最能产生效果,最有趣,最有刺激性的活动);vt.对...起诉"
appeal,"n.请求,呼吁,上诉,吸引力,要求;vi.求助,诉请,要求;vt.控诉"
ax,n.斧头;vt.削减
active,"adj.积极的,能起作用的,现行的,[语法]主动的,活动的,活跃的;n.[语法]主动语态,积极分子"
appearance,"n.出现,露面,外貌,外观;appearv.出现,看来,似乎,公开露面,出版,发表"
background,"n.背景,后台,不重要或不引人注目的地方或位置"
activity,"n.活跃,活动性,行动,行为,[核]放射性"
appetite,"n.食欲,胃口,欲望,爱好"
backward,"adv.adj.向后地(的),相反地(的),追溯,退步,由好变坏"
acute,"adj.敏锐的,[医]急性的,剧烈"
applause,"n.鼓掌欢迎,欢呼"
bacon,"n.咸肉,熏肉"
adapt,"vt.使适应,改编"
appliance,"n.用具,器具"
bacteria,n.细菌
addition,"n.加,加起来,增加物,增加,加法"
applicable,"adj.可适用的,可应用的"
baggage,"n.行李,[军]辎重"
additional,"adj.另外的,附加的,额外的"
applicant,"n.申请者,请求者"
bake,"v.烘焙,烤,烧硬"
adequate,"adj.适当的,足够的"
application,"n.请求,申请,申请表,应用,运用,施用,敷用,应用程序,应用软件"
balance,"n.秤,天平,平衡,[商]收支差额,结余,余额;v.平衡,称,权衡,对比,结算;n.资产平稳表"
adjust,"vt.调整,调节,校准,使适合"
apply,"vt.申请,应用;vi.申请,适用"
balcony,"n.阳台,包厢,(戏院)楼厅"
administration,"n.管理,经营,行政部门"
appoint,"vt.约定,指定(时间,地点),任命,委任"
balloon,n.气球
admire,"v.赞美,钦佩,羡慕"
appointment,"n.约会,指定"
ban,"n.禁令;vt.禁止,取缔(书刊等)"
admission,"n.允许进入,承认某事之陈述,供认"
appreciate,"vt.赏识,鉴赏,感激;vi.增值,涨价"
band,"n.带子,镶边,波段,队,乐队;v.联合,结合"
admit,"v.容许,承认,接纳"
approach,"n.接近,逼近,走进,方法,步骤,途径,通路;vt.接近,动手处理;vi.靠近"
bang,"n.重击,突然巨响;v.发巨响,重击"
adopt,"vt.采用,收养"
appropriate,adj.适当的
bankrupt,"n.破产者;adj.破产了的,完全丧失;vt.使破产"
adult,"n.成人,成年人;adj.成人的,成熟的"
approval,"n.赞成,承认,正式批准"
banner,"n.旗帜,横幅,标语;"
advanced,"adj.高级的,年老的,先进的"
approve,"vi.赞成,满意;vt.批准,通过;v.批准"
barber,"n.理发员,理发师;vt.为...理发,刮脸等"
advantage,"n.优势,有利条件,利益"
approximate,"adj.近似的,大约的;v.近似,接近,接近,约计"
bare,"adj.赤裸的,无遮蔽的,空的;vt.使赤裸,露出"
adventure,"n.冒险,冒险的经历;v.冒险"
arbitrary,"adj.任意的,武断的,独裁的,专断的"
barely,"adv.仅仅,刚刚,几乎不能"
advertise,"v.做广告,登广告"
architect,n.建筑师
bargain,"n.契约,合同,成交商品,便宜货;v.议价"
advertisement,"n.广告,做广告"
architecture,"n.建筑,建筑学,体系机构"
bark,"n.树皮,吠声;v.吠,咆哮,剥树皮"
advisable,"adj.可取的,明智的"
argue,"vi.争论,辩论;vt.说服"
barn,"n.[农]谷仓,畜棚,畜舍,机器房"
advocate,"n.提倡者,鼓吹者;vt.提倡,鼓吹"
argument,"n.争论,辩论,论据,论点,～(for,against),意见"
barrel,n.桶;vt.装入桶内
aeroplane,n.飞机
arise,"vi.出现,发生,起因于"
barrier,"n.(阻碍通道的)障碍物,栅栏,屏障"
affect,"vt.影响,感动,侵袭,假装"
arithmetic,"n.算术,算法"
baseball,"n.棒球,棒球运动"
affection,"n.友爱,爱情,影响,疾病,倾向"
arouse,"vt.唤醒,唤起,鼓励,引起;vi.睡醒"
basically,"adv.基本上,主要地"
afford,"vt.提供,给予,供应得起"
arrange,"v.安排,排列,协商"
basis,"n.基础,基本,根据,主要成分(或要素),(认识论中的)基本原则或原理"
afterward,"adv.然后,后来"
arrangement,"n.排列,安排"
bat,"n.蝙蝠,球棒;v.用球棒击球;[计]批处理文件的扩展名;abbr.[军]BasicArmorTraining,装甲兵基础训练"
agency,"n.代理处,行销处,代理,中介"
arrest,"vt.逮捕,拘留,吸引;n.逮捕,拘留"
bathe,"v.沐浴,洗,(光线)充满;n.洗澡"
agenda,n.议程
arrival,"n.到来,到达,到达者"
battery,"n.电池,殴打"
agent,n.代理(商)
arrow,"n.箭,箭头记号"
bay,"n.海湾,狗吠声,绝路;vt.吠,使走投无路;vi.吠"
aggressive,"adj.好斗的,敢作敢为的,有闯劲的,侵略性的"
artificial,"adj.人造的,假的,非原产地的"
beam,"n.梁,桁条,(光线的)束,柱,电波,横梁;v.播送"
agriculture,"n.农业,农艺,农学"
artistic,"adj.艺术的,有美感的,风雅的"
bean,"n.豆,豆形果实"
aid,"n.帮助,援助,帮助者,有帮助的事物;vt.资助,援助,帮助"
ash,"n.灰,灰烬,[植]岑树"
beard,n.胡须
aircraft,n.航行器
ashamed,"adj.惭愧的,羞耻的"
bearing,"n.轴承,关系,方面,意义,方向,方位"
airline,n.定期航线
aside,"adv.在旁边,到旁边"
beast,"n.兽,畜牲,人面兽心的人"
airplane,n.飞机
aspect,"n.样子,外表,面貌,(问题等的)方面"
beggar,n.乞丐
airport,"n.<主美>小型民用机场,私人飞机降落场"
assemble,"vt.集合,聚集,装配;vi.集合"
behalf,"n.为,利益"
alarm,"n.警报,惊慌,警告器;vt.恐吓,警告"
assembly,"n.集合,装配,集会,集结,汇编"
behave,"vi.举动,举止,运转;v.行为表现"
alcohol,"n.酒精,酒"
assess,"vt.估定,评定"
behavior,"n.举止,行为"
alert,"adj.提防的,警惕的;n.警惕,警报"
asset,"n.资产,有用的东西"
being,"n.存在,生命,人,本质;art.在,有,是"
belief,"n.信任,信心,信仰"
capture,"n.捕获,战利品;vt.俘获,捕获,夺取"
clerk,"n.职员,办事员,<美>店员"
beloved,"adj.心爱的;n.所爱的人,爱人"
carbon,"n.[化]碳(元素符号C),(一张)复写纸"
click,v.发出滴答声;n.滴答声
beneath,adv.在...之下;prep.在...之下
career,"n.(原意：道路,轨道)事业,生涯,速度"
client,"n.[计]顾客,客户,委托人"
beneficial,"adj.有益的,受益的,[法律]有使用权的;beneficadj.有益的,行善的"
cargo,"n.船货,(车、船、飞机等运输的)货物"
cliff,"n.悬崖,绝壁"
benefit,"n.利益,好处;vt.有益于,有助于;vi.受益"
carpenter,n.木匠
climate,"n.气候,风土,思潮"
besides,adv.此外;prep.除...之外
carpet,n.地毯
clue,n.线索
bet,"n.赌,打赌;v.赌,赌钱"
carriage,"n.马车,客车,运费,姿态,（机械）车架"
clumsy,adj.笨拙的
beyond,"prep.在(到)...较远的一边,超过,那一边;adv.在远处;n.远处"
carrier,"n.运送者,邮递员,带菌者,(自行车等)行李架,搬运器,航空母舰;n.[电]载波（信号）"
coach,"n.四轮大马车,长途汽车,教练;v.训练,指导"
Bible,n.《圣经》
carrot,n.胡萝卜
coarse,"adj.粗糙的,粗鄙的；coursen.过程,经过,进程,路线,跑道,课程v.追猎,急行,运行,流动"
bid,"vt.出价,投标,祝愿,命令,吩咐;n.出价,投标;v.支付"
cart,"n.大车,手推车;vt.用车装载"
coil,"v.盘绕,卷"
billion,n.&adj.十亿(的)
cartoon,"n.(报刊上的)政治性漫画,讽刺画,卡通画,漫画(常有解说词);v.画漫画;n.卡通片,动画片"
collapse,"n.倒塌,崩溃,失败,虚脱;vi.倒塌,崩溃,瓦解,失败,病倒"
bind,"v.绑,镶边,装订,凝固,约束"
cash,n.现金;vt.兑现
colleague,"n.同事,同僚"
biology,"n.生物学,生物(总称)"
cashier,"n.(商店等的)出纳员,(银行或公司的)司库"
collection,"n.收藏,征收,搜集品,捐款"
blade,"n.刀刃,刀片"
cassette,"n.盒子,盒式磁带"
collective,adj.集体的;n.集体
blank,"adj.空白的,空着的,失色的,没有表情的;n.空白,<美>表格"
cast,"n.投掷,铸件,脱落物,一瞥,演员表;v.投,抛,投射,浇铸,计算,派(角色)"
collision,"n.碰撞,冲突"
blanket,n.毯子;vt.覆盖
casual,"adj.偶然的,不经意的,临时的"
colony,"n.殖民地,侨民,(聚居的)一群同业,一批同行,(生物)群体"
blast,"n.一阵(风),一股(气流),爆炸,冲击波;vt.爆炸,,毁灭,使枯萎,损害"
catalog,"n.目录,目录册;v.编目录"
column,"n.圆柱,柱壮物,专栏,纵队"
bleed,"v.使出血,放血"
catalogue,n.目录
comb,"n.梳子,梳,鸡冠,蜂巢;vi.梳(发),搜索"
blend,vt.混和;n.混和
category,"n.种类,别,[逻]范畴"
combat,"n.战斗,格斗;v.战斗,搏斗,抗击"
bloody,"adj.血腥的,嗜杀的,有血的,<英鄙>该死的,非常的"
cattle,"n.牛,家养牲畜"
combination,"n.结合,联合,合并,化合,化合物"
bloom,"n.花,旺盛,青春;v.(使)开花,(使)繁盛"
cautious,"adj.谨慎的,小心的"
combine,"v.(使)联合,(使)结合;n.联合企业,联合收割机;n.联合收割机"
board,"n.木板,(供特殊用途的)木板,甲板,膳食费用,会议桌,部;vt.用板盖上,包饭,提供膳食,上(船、飞机等)"
cease,"v.停止,终了"
comedy,"n.喜剧,喜剧性的事情"
boast,"n.自夸,值得夸耀的事物;v.自夸,以有...而自豪"
cement,"n.水泥,接合剂;vt.接合,用水泥涂,巩固;vi.粘牢"
command,"n.命令,掌握,司令部;v.命令,指挥,克制,支配,博得,俯临"
bold,adj.大胆的;n.粗体
center,"n.中心,中央,中心点,中锋;adj.中央的,位于正中的;vt.集中,使聚集在一点,定中心,居中;vi.居中,有中心,被置于中心"
commander,"n.司令官,指挥官"
bolt,"n.门闩,螺钉,闪电,跑掉;v.上门闩,囫囵吞下,逃跑"
centigrade,"adj.分为百度的,百分度的,摄氏温度的"
comment,"n.注释,评论,意见;vi.注释,评论"
bond,"n.结合(物),粘结(剂),联结,公债,债券,合同;v.结合"
centimetre,"n.厘米,公分"
commerce,n.商业
boom,"n.繁荣,隆隆声;v.发隆隆声,兴隆,大事宣传"
ceremony,"n.典礼,仪式,礼节,报幕员"
commercial,"adj.商业的,贸易的"
boost,v.推进
certificate,"n.证书,证明书;vt.发给证明书,以证书形式授权给…"
commission,"n.委任,委托,代办(权),代理(权),犯(罪),佣金;vt.委任,任命,委托,委托制作,使服役"
boot,"n.<美>(长统)靴,靴子;v.导入"
challenge,n.挑战;vt.向...挑战
commit,"vt.犯(错误),干(坏事),把...交托给,提交,答应负责"
border,"n.边界,国界,边,边沿,边境;vt.与...接壤,接近;v.接壤"
chamber,"n.室,房间,议院,会所,(枪)膛"
commitment,"n.委托事项,许诺,承担义务"
bore,"n.令人讨厌的人,怒潮,枪膛,孔;v.使烦扰,钻孔"
champion,"n.冠军,拥护者,战士;vt.拥护,支持"
committee,n.委员会
boring,n.钻(孔);adj.令人厌烦的
channel,"n.海峡,水道,沟,路线;vt.引导,开导,形成河道,信道,频道"
communicate,"v.沟通,通信,(房间、道路、花园等)相通,传达,感染"
bounce,"v.(使)反跳,弹起,(指支票)被银行退票,弹跳;n.(球)跳起,弹回"
chaos,"n.混乱,混沌(宇宙未形成前的情形)"
communication,"n.传达,信息,交通,通讯"
bound,"n.跃进,跳,范围,限度;adj.正要启程的,开往...去的,被束缚的,装订的;v.跳跃,限制"
chap,"n.<俗>伙伴,家伙,小伙子,颚,颊;v.(使)皲裂"
community,"n.公社,团体,社会,(政治)共同体,共有,一致,共同体,(生物)群落"
boundary,"n.边界,分界线"
chapter,n.(书籍中)章节
companion,"n.同伴,共事者"
brake,"n.闸,刹车;v.刹车"
character,"n.(事物的)特性,性质,特征(的总和),(人的)品质,字符,性格,特征,人物;vt.写,刻,印,使具有特征"
comparable,"adj.可比较的,比得上的"
brand,"n.商标,牌子,烙印;vt.打火印,污辱"
characteristic,"adj.特有的,表示特性的,典型的;n.特性,特征"
comparative,"adj.比较的,相当的"
brass,"n.黄铜,黄铜制品,厚脸皮"
characterize,"vt.表现...的特色,刻画的...性格"
compare,"v.比较,相比,比喻n.比较"
brave,adj.勇敢的
charge,"n.负荷,电荷,费用,主管,掌管,充电,充气,装料;v.装满,控诉,责令,告诫,指示,加罪于,冲锋,收费"
comparison,"n.比较,对照,比喻,比较关系"
breadth,"n.宽度,(布的)幅宽,(船)幅"
charity,"n.慈善,施舍,慈善团体"
compass,"n.罗盘,指南针,圆规;v.包围"
breast,"n.胸部,乳房,胸怀,心情;vt.以胸对着,对付"
charm,"n.吸引力,(女人的)魔力,魅力,符咒;vt.迷人,使陶醉,行魔法;vi.用符咒,有魔力"
compel,"vt.强迫,迫使"
breed,"v.(使)繁殖,教养,抚养;n.品种,种类"
chart,"n.海图,图表;vt.制图"
compete,"vi.比赛,竞争"
breeze,"n.微风,煤屑,焦炭渣,轻而易举的事,小风波;vi.吹微风,逃走"
charter,"vt.租,包(船、车等);n.宪章"
competent,"adj.有能力的,胜任的"
brick,"n.砖,砖块,砖形物(如茶砖,冰砖等),<口>心肠好的人"
chase,"n.追赶,追击;vt.追赶,追逐,雕镂"
competition,"n.竞争,竞赛"
bride,n.新娘
cheat,"n.欺骗,骗子;v.欺骗,骗取"
competitive,adj.竞争的
brief,"n.摘要,大纲;adj.简短的,短暂的;vt.摘要,(军事)下达简令"
cheerful,"adj.愉快的,高兴的"
complain,"v.抱怨,悲叹,控诉"
brilliant,"adj.灿烂的,闪耀的,有才气的"
chemical,"adj.化学的;n.化学制品,化学药品;n.化学药品"
complaint,"n.诉苦,抱怨,牢骚,委屈,疾病"
broom,"n.扫帚,[植]金雀花;vt.扫除"
chemist,"n.化学家,药剂师"
complex,"adj.复杂的,合成的,综合的;n.联合体"
brow,"n.眉毛,额,(面部)表情"
chest,"n.胸腔,胸膛,箱,柜"
complicated,"adj.复杂的,难解的"
bubble,"n.泡沫,幻想的计划;vi.起泡,潺潺的流"
chew,"vt.咀爵(食物等);v.咀嚼,认真考虑"
component,"n.成分;adj.组成的,构成的"
bucket,"n.桶,一桶的量,[桶状物]铲斗"
chief,"n.首领,领袖,酋长,长官,主要部分,最有价值的部分;adj.主要的,首要的,首席的,主任的"
compose,"v.组成,写作,排字,(使)安定,调解"
budget,"n.预算;vi.做预算,编入预算"
childhood,n.孩童时期
compound,"n.混合物,[化]化合物;adj.复合的;v.混合,配合"
bulb,"n.鳞茎,球形物"
chill,"n.寒意,寒战,寒心;adj.寒冷的,扫兴的;v.使冷,变冷,冷藏"
comprehension,"n.理解,包含"
bulk,"n.大小,体积,大批,大多数,散装;vt.显得大,显得重要"
chin,"n.下巴,颚"
comprehensive,"adj.全面的,广泛的,能充分理解的,包容的"
bullet,n.子弹
chip,"n.碎片,筹码,芯片;v.削成碎片,碎裂"
compress,"vt.压缩,摘要叙述;n.(外科)敷布"
bump,"n.撞击,肿块;v.碰(伤),撞(破),颠簸"
choke,"v.窒息,哽住,使呼吸困难,阻塞;n.窒息,阻气门"
comprise,"v.包含,由...组成"
bunch,"n.串,束v.捆成一束"
chop,"n.砍,排骨,官印,商标;vt.剁碎,砍,(风浪)突变"
compromise,"n.妥协,折衷;v.妥协,折衷,危及...的安全"
bundle,"n.捆,束,包;v.捆扎"
Christ,n.[基督教]救世主(特指耶稣基督)
conceal,"vt.隐藏,隐蔽,隐瞒;v.隐蔽"
burden,"n.担子,负担;v.负担"
Christian,"n.基督徒,信徒;adj.基督教的,信基督教的"
concede,"vt.勉强,承认,退让;vi.让步"
bureau,"n.办公桌,衣柜;<美>局,办公署"
cigar,n.雪茄
concentrate,"v.集中,浓缩"
burst,"v.爆裂,炸破,急于,爆发;n.突然破裂,爆发,脉冲"
cigarette,"n.香烟,纸烟"
concentration,"n.集中,集合,专心,浓缩,浓度"
butcher,"n.屠夫,屠户;vt.屠宰,屠杀"
circuit,"n.电路,一圈,周游,巡回"
concept,"n.观念,概念"
butterfly,"n.[动]蝴蝶,蝶泳"
circular,"adj.圆形的,循环的;n.函件,通知"
concern,"vt.涉及,关系到;n.(利害)关系,关心,关注,关注,所关心的是"
cabbage,"n.[植]甘蓝,卷心菜"
circulate,"v.(使)流通,(使)运行,(使)循环,(使)传播"
concerning,prep.关于
cabin,"n.小屋,船舱"
circumstance,"n.环境,详情,境况"
concession,n.让步
cabinet,"n.(有抽屉或格子的)橱柜,<美>内阁;adj.<美>内阁的,小巧的"
cite,"vt.引用,引证,提名表扬"
conclude,"v.结束,终止,决定,作出结论;vt.推断,断定,缔结,议定"
cable,"n.电缆,海底电报,缆,索;v.打(海底)电报"
civil,"adj.全民的,市民的,公民的,国民的,民间的.民事的,根据民法的,文职的,有礼貌的"
conclusion,"n.结束,缔结,结论"
calculate,"v.计算,考虑,计划,打算;v.<美>以为,认为"
civilian,"n.平民,公务员,文官;adj.民间的,民用的"
concrete,"adj.具体的,有形的;n.混凝土;v.用混凝土修筑,浇混凝土,凝结"
calculator,"n.计算机,计算器"
civilization,"n.文明,文化,文明社会,文明,一个著名游戏的名称"
condemn,"vt.判刑,处刑,声讨,谴责"
calendar,"n.日历,历法"
civilize,"vt.使开化,使文明,教化"
condense,"v.(使)浓缩,精简"
calm,"adj.(天气、海洋等)静的,平静的,镇静的,沉着的;v.(使)平静,(使)镇定,平息"
claim,"n.(根据权利提出)要求,要求权,主张,要求而得到的东西;vt.(根据权利)要求,认领,声称,主张,需要"
condition,"n.条件,情形,环境,社会地位;vt.以...为条件,使达到要求的情况"
camel,"n.骆驼,[船](打捞用的)浮筒"
clap,"n.拍手声,霹雳声;v.鼓掌,轻拍"
conduct,"n.行为,操行;v.引导,管理,为人,传导"
campaign,"n.[军]战役,(政治或商业性)活动,竞选运动;vi.参加活动,从事活动,作战"
clarify,"v.澄清,阐明"
conductor,"n.领导者,经理,指挥管弦乐队、合唱队的,(市内有轨电车或公共汽车)售票员,<美>列车长"
campus,"n.<美>校园,大学教育"
clash,"n.冲突,撞击声,抵触;v.(使)发出撞击声,猛撞,冲突"
conference,"n.会议,讨论会,协商会"
canal,"n.运河,小道,导管,槽,沟渠;vt.开运河"
classic,"n.杰作,名著;adj.第一流的"
confess,"v.承认,坦白,忏悔"
cancel,"vt.取消,删去"
classical,"adj.古典的,正统派的,古典文学的"
confidence,n.信心
cancer,"n.癌,毒瘤"
classification,"n.分类,分级"
confident,"adj.自信的,确信的"
candidate,"n.候选人,投考者"
classify,"vt.分类,分等"
confine,"vt.限制,禁闭;n.界限,边界"
candy,"n.糖果,冰糖;v.蜜饯,糖煮(水果)"
clause,"n.子句,条款"
confirm,"vt.确定,批准,使巩固,使有效;v.确认,(基督教中)给...行按手礼"
capable,"adj.有能力的,能干的,有可能的,可以...的"
claw,"n.爪,脚爪;v.抓"
conflict,"n.斗争,冲突;vi.抵触,冲突"
capacity,"n.容量,生产量,容量,智能,才能,能力,接受力,地位"
clay,"n.粘土,泥土,肉体,人体,似黏土的东西,陶土制的烟斗"
confront,"vt.使面临,对抗"
confuse,"vt.搞乱,使糊涂"
crawl,"vi.爬行,蠕动,徐徐行进;n.爬行,蠕动,缓慢的行进"
dependent,"adj.依靠的,依赖的,由...决定的,随...而定的"
confusion,"n.混乱,混淆"
create,"vt.创造,创作,引起,造成"
deposit,"n.堆积物,沉淀物,存款,押金,保证金,存放物;vt.存放,堆积;vi.沉淀"
congratulate,"vt.祝贺,庆贺,恭喜"
creative,adj.创造性的
depress,"vt.使沮丧,使消沉,压下,压低,使不活泼,使萧条;v.压下"
congratulation,"n.祝词,贺辞"
creature,"n.人,动物,傀儡,创造物"
depression,"n.沮丧,消沉,低气压,低压"
congress,"n.(代表)大会,[C～](美国等国的)国会,议会"
credit,"n.信任,信用,声望,荣誉,[财务]贷方,银行存款:vt.相信,信任,把...归给"
deputy,"n.代理人,代表"
conjunction,"n.联合,关联,连接词"
creep,"vi.爬,蹑手蹑脚,蔓延"
derive,vt.得自;vi.起源
connect,"v.连接,联合,关连"
crew,"n.全体人员,(工作)队;vbl.crow的过去式"
descend,"vi.下来,下降,遗传(指财产,气质,权利),突击,出其不意的拜访;v.下去"
connection,"n.连接,关系,接线,线路,亲戚"
crime,"n.犯罪,犯罪行为,罪行,罪恶"
describe,"vt.描写,记述,形容,形容;v.描述"
connexion,"n.联系,连结"
criminal,"n.罪犯,犯罪者;adj.犯罪的,犯法的,罪恶的"
deserve,"vt.应受,值得;v.应受"
conquer,"vt.征服,战胜,占领,克服(困难等),破(坏习惯等)"
crisis,"n.疾病的转折点(或转好或恶化),决定性时刻,危机,危险期,历史上的紧要关头,[医]危象,转换期"
design,"n.设计,图案,花样,企图,图谋,(小说等的)构思,纲要;v.设计,计划,谋划,构思"
conquest,n.征服;n.战利品
critic,"n.批评家,评论家,吹毛求疵者"
desirable,"adj.值得要的,合意的,令人想要的,悦人心意的"
conscience,"n.良心,道德心"
critical,"adj.评论的,鉴定的,批评的,危急的,临界的"
desire,"vt.想望,期望,希望,请求(官方丈礼);n.愿望,心愿,要求;v.要求"
conscious,"adj.有意识的,有知觉的,故意的,羞怯的"
criticism,"n.批评,批判"
despair,"n.绝望,失望,令人失望的人(事物);vi.绝望"
consent,"vi.同意,赞成,答应;n.同意,赞成,允诺"
criticize,"v.批评,责备"
desperate,"adj.不顾一切的,拚死的,令人绝望的"
consequence,"n.结果,[逻]推理,推论,因果关系,重要的地位"
crossing,"v.横越;n.横越,交叉口"
despite,"prep.不管,尽管,不论"
consequently,"adv.从而,因此"
crowd,"n.人群,群众,一堆(东西),一伙;v.群集,拥挤,挤满"
dessert,n.餐后甜点
conservation,"n.保存,保持,守恒"
crown,"n.王冠,花冠,顶;vt.加冕,顶上有,表彰,使圆满完成"
destination,"n.目的地,[计]目的文件,目的单元格"
conservative,"adj.保守的,守旧的;n.保守派"
crucial,adj.至关紧要的
destruction,"n.破坏,毁灭"
considerable,"adj.相当大(或多)的,值得考虑的,相当可观的"
crude,"adj.天然的,未加工的,粗糙的,拙劣的,粗鲁的;n.天然的物质"
detail,"n.细节,详情;vt.详述,细说"
considerate,adj.考虑周到的
cruise,"vi.巡游,巡航;n.巡游,巡航"
detect,"vt.察觉,发觉,侦查,探测;v.发现"
consideration,"n.体谅,考虑,需要考虑的事项,报酬"
crush,"vt.压碎,碾碎,压服,压垮,粉碎,(使)变形"
detection,"n.察觉,发觉,侦查,探测,发现"
consist,"vi.由...组成,在于,一致"
crust,"n.外壳,硬壳,面包皮;vt.盖以硬皮;vi.结硬皮"
detective,n.侦探;adj.侦探的
consistent,"adj.一致的,调和的,坚固的,[数、统]相容的"
crystal,"adj.结晶状的;n.水晶,水晶饰品,结晶,晶体"
determination,"n.决心,果断"
constant,"n.[数、物]常数,恒量;adj.不变的,持续的,坚决的"
cube,"n.立方体,立方"
determine,"v.决定,确定,测定,使下定决心,[律]使终止"
constitute,"vt.制定(法律),建立(政府),组成,任命"
cue,"n.暗示,提示,球杆"
device,"n.装置,设计,图案,策略,发明物,设备;[计]安装设备驱动程序"
constitution,"n.宪法,构造,体质,体格,国体,章程,惯例"
cultivate,"vt.培养,耕作"
devil,"n.魔鬼,恶棍"
construct,"vt.建造,构造,创立"
culture,"n.文化,文明"
devise,"vt.设计,发明,图谋,作出(计划),想出(办法),遗赠给;n.遗赠"
construction,"n.建筑,建筑物,解释,造句"
cupboard,"n.食橱,碗碟橱"
devote,"vt.投入于,献身"
consult,"v.商量,商议,请教,参考,考虑"
curiosity,n.好奇心
diagram,n.图表
consultant,"n.顾问,商议者,咨询者"
curious,"adj.好奇的,求知的,古怪的,爱挑剔的"
dialect,"n.方言,语调"
consume,"vt.消耗,消费,消灭,大吃大喝,吸引;vi.消灭,毁灭"
curl,v.(使)卷曲
diameter,n.直径
consumer,n.消费者
currency,n.流通
dictate,"v.口述,口授,使听写,指令,指示,命令,规定;n.指示(指理智,变心)"
consumption,"n.消费,消费量,肺病"
current,"adj.当前的,通用的,流通的,现在的,草写的,最近的;n.涌流,趋势,电流,水流,气流"
dictation,"n.听写,口述"
contact,"n.接触,联系;vt.接触,联系"
curriculum,n.课程
differ,"vi.不一致,不同"
container,"n.容器(箱,盆,罐,壶,桶,坛子),集装箱"
curse,"n.诅咒,咒语,祸根,祸因;vt.诅咒,咒骂,降祸,使受罪"
digest,"n.分类,摘要;vi.消化;vt.消化,融会贯通"
contemporary,"n.同时代的人;adj.当代的,同时代的"
curtain,"n.窗帘,门帘;v.装上门帘"
digital,"adj.数字的,数位的,手指的;n.数字,数字式"
contest,"n.论争,竞赛:v.,争论,争辩,竞赛,争夺"
curve,"n.曲线,弯曲,[棒球]曲线球,[统]曲线图表;vt.弯,使弯曲;vi.成曲形"
dim,"adj.暗淡的,模糊的,无光泽的,悲观的,怀疑的;vt.使暗淡,使失去光泽;n.<美俚>笨蛋、傻子"
continual,"adj.连续的,频繁的,持续不断的"
cushion,"n.垫子,软垫,衬垫;v.加衬垫"
dimension,"n.尺寸,尺度,维(数),度(数),元"
continuous,"adj.连续的,持续的"
cycle,"n.周期,循环,自行车,一段时间,整套,(电学)周波;vi.循环,轮转,骑自行车;vt.使循环,使轮转"
dip,"v.浸,蘸,沾"
contract,"n.合同,契约,婚约;v.使缩短,感染,订约"
dairy,"n.牛奶场,奶品场,售牛奶,奶油,鸡蛋等的商店,奶制品"
diplomatic,"adj.外交的,老练的"
contradiction,"n.反驳,矛盾"
dam,"n.水坝,障碍;v.控制,筑坝"
directly,"adv.直接地,立即"
contrary,"adj.相反的,逆的,<口语>执拗;n.反面;adv.相反地"
damn,v.谴责
dirt,"n.污垢,泥土"
contrast,"vt.使与...对比,使与...对照;vi.和...形成对照;n.对比,对照,(对照中的)差异"
damp,"n.湿气;adj.潮湿的;vt.使潮湿,阻尼,使衰减,使沮丧,控制,抑止"
disappear,"vi.消失,不见"
contribute,"v.捐助,捐献,贡献,投稿"
dash,"n.少量(搀加物),冲撞,破折号,锐气,精力,干劲;vi.猛掷,冲撞;vt.泼溅,使猛撞,搀和,使破灭,使沮丧,匆忙完成"
disaster,"n.灾难,天灾,灾祸"
contribution,"n.捐献,贡献,投稿"
data,"n.datum的复数,[计]资料,数据"
discard,"vt.丢弃,抛弃;v.放弃"
controversial,"adj.争论的,争议的"
daylight,"n.日光,白昼,白天"
discharge,"vt.卸下,放出,清偿(债务),履行(义务),解雇,开(炮),射(箭);vi.卸货,流注;n.卸货,流出,放电"
controversy,"n.论争,辩论,论战"
deadline,n.最终期限
discipline,"n.纪律,学科;v.训练"
convenience,"n.便利,方便,有益,有用的,方便的用具、机械、安排等"
deaf,adj.聋的
discount,n.折扣
convention,"n.大会,协定,习俗,惯例"
debate,"v.争论,辩论;n.争论,辩论"
discourage,"vt.使气馁,阻碍"
conventional,"adj.惯例的,常规的,习俗的,传统的"
debt,"n.债务,罪过"
disease,"n.疾病,弊病"
conversely,"adv.倒地,逆地"
decade,"n.十年,十"
disguise,"v.假装,伪装,掩饰;n.伪装"
convert,"n.皈依者;vt.使转变,转换...,使...改变信仰"
decay,"vi.腐朽,腐烂,衰减,衰退;n.腐朽,腐烂,衰减,衰退;v.衰落"
disgust,"n.厌恶,嫌恶;vi.令人厌恶,令人反感;vt.使作呕"
convey,"vt.搬运,传达,转让"
deceive,"v.欺骗,行骗"
dismiss,"vt.解散,下课,开除,解职,使(或让)离开;vi.解散"
convict,"vt.证明...有罪,宣告...有罪;n.罪犯"
decent,"adj.正派的,端庄的,有分寸的,(服装)得体的,大方的;adj.<口>相当好的、象样的"
disorder,"n.杂乱,混乱,无秩序状态;vt.扰乱,使失调,使紊乱"
conviction,"n.深信,确信,定罪,宣告有罪"
deck,"n.甲板,舰板,覆盖物,一副(纸牌);vt.装饰,修饰,打扮,装甲板"
display,"vt.陈列,展览,显示;n.陈列,展览,显示,显示,显示器"
convince,"vt.使确信,使信服"
declaration,"n.宣布,宣言,声明"
disposal,"n.处理,处置,布置,安排,配置,支配"
cooperate,"vi.合作,协作"
decline,"vi.下倾,下降,下垂;v.拒绝,衰落;n.下倾,下降,下垂,斜面,斜坡,衰败,衰落"
dispose,"v.处理,处置,部署;vt.布置,安排,除去,使愿意"
coordinate,"n.同等者,同等物,坐标(用复数);adj.同等的,并列的;vt.调整,整理"
decorate,"v.装饰,为...做室内装修"
dispute,"v.争论,辩论,怀疑,抗拒,阻止,争夺(土地,胜利等);n.争论,辩论,争吵"
cop,"n.警官,巡警,[纺]管纱;vt.抓住"
decrease,"n.减少,减少之量;v.减少"
dissolve,"v.溶解,解散"
cope,"vi.(善于)应付,(善于)处理"
defeat,"n.击败,战胜,失败;vt.击败,战胜,使失败,挫折;v.击败"
distinct,"adj.清楚的,明显的,截然不同的,独特的"
copper,"n.铜,警察"
defect,"n.过失,缺点"
distinction,"n.区别,差别,级别,特性,声望,显赫"
copyright,"n.版权,著作权"
define,"vt.定义,详细说明"
distinguish,"v.区别,辨别"
cord,"n.绳索,束缚"
definite,"adj.明确的,一定的"
distress,"n.悲痛,穷困,不幸,危难,忧伤;v.使悲痛,使穷困,使忧伤"
core,"n.果核,中心,核心"
definitely,"adv.明确地,干脆地"
distribute,"vt.分发,分配,散布,分布,分类,分区;v.分发"
corporation,"n.[律]社团,法人,公司,企业,<美>有限公司,(市,镇的)自治机关,<口>大肚皮"
definition,"n.定义,解说,精确度,(轮廓影像等的)清晰度"
distribution,"n.分配,分发,配给物,销售,法院对无遗嘱死亡者财产的分配,分布状态,区分,分类,发送,发行"
correspond,"vi.符合,协调,通信,相当,相应"
delegate,n.代表;vt.委派...为代表
disturb,"vt.弄乱,打乱,打扰,扰乱;v.扰乱"
correspondence,"n.相应,通信,信件"
delete,vt.删除
ditch,"n.沟,沟渠,壕沟"
correspondent,"n.通讯记者,通信者"
deliberate,"adj.深思熟虑的,故意的,预有准备的;v.商讨"
dive,"vi.潜水,跳水,下潜,俯冲;n.潜水,跳水,下潜,俯冲"
corresponding,"adj.相应的,通讯的"
delicate,"adj.精巧的,精致的,病弱的,脆弱的,微妙的,棘手的,灵敏的,精密的"
diverse,"adj.不同的,变化多的"
corridor,n.走廊
delicious,adj.美味的
divide,"v.分,划分,分开,隔开"
costly,"adj.昂贵的,贵重的"
delivery,"n.递送,交付,分娩,交货,引渡;n.[律]财产等的正式移交,发送,传输"
division,"n.分开,分割,区分,除法,公司,(军事)师,分配,分界线"
council,"n.政务会,理事会,委员会,参议会,讨论会议,顾问班子,立法班子"
demand,"n.要求,需求(量),需要;v.要求,需要,要求知道,查询"
divorce,"n.离婚,脱离;vt.使离婚,与...脱离"
counsel,"n.讨论,商议,辩护律师;vt.劝告,忠告"
democracy,"n.民主政治,民主主义"
document,"n.公文,文件,文档,档案,文献;v.证明"
counter,"n.计算器,计数器,计算者,柜台,筹码;adv.&prep.相反地"
democratic,"adj.民主的,民主主义的,民主政体的,平民的"
domestic,"adj.家庭的,国内的,与人共处的,驯服的"
county,"n.县,郡"
demonstrate,"vt.示范,证明,论证;vi.示威"
dominant,"adj.有统治权的,占优势的,支配的;adj.[生物]显性的"
court,"n.法院,庭院,宫庭,球场,奉承,求爱,殷勤;vt.向...献殷勤,设法获得(他人支持),博得(喝彩),招致(失败,危险等);vi.求爱"
dense,"adj.密集的,浓厚的"
dominate,"v.支配,占优势"
courtyard,"n.庭院,院子"
density,n.密度
donation,"n.捐赠品,捐款,贡献"
crack,"n.裂缝,噼啪声;v.(使)破裂,裂纹,(使)爆裂;adj.最好的,高明的"
dental,adj.牙齿的
donkey,"n.驴子,笨蛋,顽固者,(=donkeyengine)轻便发动机,(=donkeypump)辅助泵"
craft,"n.工艺,手艺"
deny,"v.否认,拒绝"
dorm,n.<俗>宿舍(=dormitory)
crane,n.起重机
depart,"vi.离开,起程,不按照,逝世;adj.过去的,逝世的"
dormitory,n.宿舍
crash,"n.碰撞,坠落,坠毁,撞击声,爆裂声;v.碰撞,坠落,坠毁,(指商业公司,政府等)破产,垮台"
departure,"n.启程,出发,离开"
dose,"n.剂量,(一)剂,(一)服;v.(给...)服药"
dot,"n.点,圆点,园点;vt.在...上打点"
engine,"n.发动机,机车,火车头"
extreme,"adj.尽头的,极端的,极度的,偏激的,最后的;n.极端,极端的事物"
doubtful,"adj.可疑的,不确的,疑心的"
engineering,n.工程(学)
eyesight,"n.视力,目力"
downward,adj.向下的
enhance,"vt.提高,增强;v.提高"
fabric,"n.织品,织物,布,结构,建筑物,构造"
draft,"n.草稿,草案,草图;vt.起草,为...打样,设计;v.草拟"
enlarge,"v.扩大,放大"
facility,"n.容易,简易,灵巧,熟练,便利,敏捷,设备,工具"
drag,"v.拖,拖曳,缓慢而费力地行动;n.拖拉"
enormous,"adj.巨大的,庞大的,<古>极恶的,凶暴的"
factor,"n.因素,要素,因数,代理人"
dragon,"n.龙,凶暴的人,严厉而有警觉性的女人"
enquire,v.询问
faculty,"n.才能,本领,能力,全体教员,(大学的)系,科,(授予的)权力"
drain,"n.排水沟,消耗,排水;vt.排出沟外,喝干,耗尽;vi.排水,流干"
enquiry,n.询问
fade,"vi.(声音等)减弱下去,褪色,消失,枯萎,凋谢;vt.使褪色;n.淡入,淡出;adj.乏味的,平淡的"
drama,"n.(在舞台上演的)戏剧,戏剧艺术"
ensure,"vt.保证,担保,使安全,保证得到;v.确保,确保,保证"
failure,"n.失败,失败者,缺乏,失灵,故障,破产,疏忽,<美>不及格"
dramatic,"adj.戏剧性的,生动的"
entertain,"vt.娱乐,招待,接受,怀抱;vi.款待"
faint,"n.昏晕,昏倒;adj.虚落地,衰弱的,软弱的,无力的,微弱的,暗淡的,模糊的;vi.昏晕,昏倒,变得微弱,变得没气力"
draught,"n.拖,拉,一网(鱼),气流"
entertainment,"n.款待,娱乐,娱乐表演"
fairly,"adv.公正地,正当的,公平对待某人,公平地,相当地,还算,清楚地"
drawer,"n.抽屉,画家,制图员,(用复数)衬裤、内裤"
enthusiasm,"n.狂热,热心,积极性,激发热情的事物"
fairy,"n.仙女,精灵,<美俚>漂亮姑娘;adj.仙女的"
drift,"n.冲洗,漂流物,观望,漂流;v.(使)漂流"
entire,"adj.全部的,完整的,整个"
faith,"n.信任,信念,宗教信仰,忠实,保证,诺言,约定"
drill,"n.钻孔机,钻子,播种机,军事训练,操练,(反复)练习,条播机;v.训练,钻孔,条播"
entitle,"vt.给...权利(或资格),给...题名,给...称号;v.授权,授权"
faithful,"adj.守信的,忠实的,详确的,可靠的;n.信徒"
drip,n.水滴;v.(使)滴下
entry,"n.登录,条目,进入,入口,[商]报关手续,[律]对土地的侵占,对房屋的侵入"
fame,"n.名声,名望,传说,<古>传闻;vt.(常用被动语态)使闻名,使有名望,盛传"
drum,"n.鼓,鼓声,鼓形圆桶,[解]鼓膜,鼓室;vi.击鼓,作鼓声;vt.打鼓奏"
environment,"n.环境,外界"
famine,"n.饥荒,<古>饥饿,严重的缺乏"
drunk,adj.喝醉了的;vbl.drink的过去分词
envy,"n.&vt.羡慕,嫉妒"
fancy,"adj.奇特的,异样的;vt.想象,设想,认为,爱好,自负;n.爱好,迷恋,想象力"
dull,"adj.感觉或理解迟钝的,无趣的,呆滞的,阴暗的;vt.使迟钝,使阴暗,缓和;vi.变迟钝,减少"
episode,"n.一段情节,[音]插曲,插话,有趣的事件"
fantastic,"adj.幻想的,奇异的,稀奇古怪的,荒谬的,空想的"
dumb,"adj.哑的,无说话能力的,不说话的,无声音的"
equality,"n.等同性,同等,平等,相等,等式"
fantasy,"n.幻想,白日梦"
dump,"vt.倾倒(垃圾),倾卸;n.堆存处"
equation,"n.相等,平衡,综合体,因素,方程式,等式"
fare,"n.费用,旅客,食物;vi.遭遇,进展,进步,经营,过活"
durable,"adj.持久的,耐用的"
equip,"vt.装备,配备,训练,准备行装"
farewell,"n.辞别,再见,再会;int.再会,别了!(常含有永别或不容易再见面的意思)"
duration,"n.持续时间,为期"
equivalent,"adj.相等的,相当的,同意义的;n.等价物,相等物"
fascinating,"adj.迷人的,醉人的,着魔的"
dusk,"n.薄暮,黄昏"
era,"n.时代,纪元,时期,[地]代"
fashion,"n.样子,方式,流行,风尚,时样;vt.形成,造,作,把...塑造成,使适应,使适合,改革,改变"
dye,"n.染料,染色;vt.染;v.染"
erect,"adj.直立的,竖立的,笔直的;vt.盖,使竖立,使直立,树立,建立;vi.[生理]勃起"
fashionable,"adj.流行的,时髦的"
dynamic,"adj.动力的,动力学的,动态的"
error,"n.错误,过失,误差"
fasten,"vt.扎牢,扣住,闩住,拴紧,使固定,系,集中于,强加于;vi.扣紧,抓住"
eagle,"n.鹰,鹰状标饰"
essay,"vt.企图,尝试;n.企图,散文,小品文,随笔,短文,评论"
fatal,"adj.致命的,重大的,命运注定的,不幸的,致命的,毁灭性的"
earnest,"adj.认真的,热心的,重要的n.真挚,定金,认真,热心"
essential,"adj.本质的,实质的,基本的,提炼的,精华的;n.本质,实质,要素,要点"
fate,"n.天数,命运,运气;vt.注定,送命"
earthquake,"n.地震,[喻]在震荡,在变动"
establish,"vt.建立,设立,安置,使定居,使人民接受,确定;v.建立"
fatigue,"n.疲乏,疲劳,累活,[军]杂役;vt.使疲劳,使心智衰弱;vi.疲劳"
ease,"n.安逸,安心,不费力,悠闲;vt.使悠闲,使安心,减轻,放松;vi.减弱,减轻,放松,灵活地移动"
establishment,"n.确立,制定,设施,公司,军事组织"
faulty,"adj.有过失的,有缺点的,不完美的,不完善的"
echo,"n.回声,回音,回波;vi.发回声,随声附和;vt.摹仿,重复,反射;[计]禁止(或允许)在屏上显示批处理命令行"
estate,"n.状态,不动产,时期,阶层,财产"
favour,"n.亲切,宠爱"
economic,"adj.经济(上)的,产供销的,经济学的"
estimate,"v.估计,估价,评估;n.估计,估价,评估"
favourable,"adj.赞成的,称许的,有利的,顺利的;n.有利"
economical,"adj.节约的,经济的"
evaluate,"vt.评价,估计,求...的值;v.评价"
favourite,"adj.特别喜爱的,中意的;n.特别喜爱的(或物)"
economy,"n.经济,节约,节约措施,经济实惠,系统,机体,经济制度的状况"
eve,"n.[诗]黄昏,前夕,前日"
fearful,"adj.可怕的,吓人的,恐怕的,严重的"
edition,"n.版本,版"
event,"n.事件,事变,结果,活动,精力,竞赛"
feasible,"adj.可行的,切实可行的"
editor,"n.编辑,编辑器,编者"
evidence,"n.明显,显著,明白,迹象,根据,[物]证据,证物"
feather,"n.翎毛,轻的东西,羽毛;vi.长羽毛;vt.用羽毛装饰,射掉(飞禽)的羽毛"
editorial,"n.社论;adj.编辑上的,主笔的,社论的"
evident,"adj.明显的,显然的"
feature,"n.面貌的一部分(眼,口,鼻等)特征,容貌,特色,特写;vt.是...的特色,特写,放映;vi.起重要作用"
educate,"vt.教育,训练,培养;v.教育"
evidently,"adv.明显地,显然"
federal,"adj.联邦的,联合的,联邦制的,同盟的;n.(南北战争)北部联邦同盟盟员,连邦软件公司,国内正版软件商"
effective,"adj.有效的,被实施的,给人深刻印象,有生力量"
evil,"adj.邪恶的,带来麻烦的,不幸的,有害的,诽谤的;n.邪恶,不幸,罪恶"
fee,"n.费(会费、学费等),酬金"
efficiency,"n.效率,功效"
evolution,"n.进展,发展,演变,进化"
feedback,"n.[无]回授,反馈,反应"
efficient,"adj.(直接)生效的,有效率的,能干的"
evolve,"v.(使)发展,(使)进展,(使)进化"
female,"n.女性,女人,雌兽;adj.女性的,女子的,妇女的,雌的,柔弱的,(声,色)柔和的"
effort,"n.努力,成就"
exact,"adj.精确的,准确的,原样的,精密的,严格;vt.强求,急需,要求"
fertile,"adj.肥沃的,富饶的,能繁殖的"
elaborate,"adj.精心制作的,详细阐述的,精细;vt.精心制作,详细阐述;v.详细描述"
exaggerate,"v.夸大,夸张"
fertilizer,"n.肥料(尤指化学肥料),[动]受精媒介物"
elastic,adj.弹性的
exceed,"vt.超越,胜过;vi.超过其他"
festival,"n.节日,喜庆日,音乐节,戏剧节,喜庆,欢宴,欢乐;adj.节日的,快乐的"
elbow,n.肘
exceedingly,"adv.非常地,极度地"
fibre,"n.纤维,构造,纤维制品,[植]须根"
elderly,"adj.过了中年的,稍老的"
exception,"n.除外,例外,反对,异议"
fiction,"n.虚构,编造,小说"
elect,"vt.选举,推选;v.选择,作出选择,选举,选举,选举"
excess,"n.过度,剩于,无节制,超过,超额;adj.过度的,额外的"
fierce,"adj.凶猛的,猛烈的,热烈的,暴躁的<美>极讨厌的,难受的,<英方>精力旺盛的"
election,"n.选举,当选,选择权,[宗]上帝的选拔"
excessive,"adj.过多的,过分的,额外"
figure,"n.外形,轮廓,体形,图形,画像,数字,形状,身份;vt.描绘,塑造,表示,象征,演算,认为;vi.出现,考虑,出名,扮演角色"
electric,"adj.电的,导电的,电动的,电气"
exchange,"vt.交换,调换,兑换,交流,交易;n.交换,调换,兑换,交流,交易"
filter,"n.滤波器,过滤器,滤光器,筛选;vt.过滤,渗透,用过滤法除去;vi.滤过,渗入,(消息等)走漏,慢慢传开"
electrical,"adj.电的,有关电的"
excitement,"n.刺激,兴奋,激动,搔动"
finally,"adv.最后,终于,不可更改地,决定性地"
electricity,"n.电流,电,电学"
exclaim,"v.呼喊,惊叫,大声叫"
finance,"n.财政,金融,财政学;vt.供给...经费,负担经费;vi.筹措资金"
electron,n.电子
exclude,"vt.拒绝接纳,把...排除在外,排斥"
financial,"adj.财政的,金融的"
electronic,adj.电子的
exclusive,"adj.排外的,孤高的,唯我独尊的,独占的,唯一的,高级的"
finding,"n.发现,发现物,决定,[律]裁决"
elegant,"adj.文雅的,端庄的,雅致的,<口>上品的,第一流的"
excursion,"n.远足,游览,短程旅行,远足队,离题,[物]偏移,漂移"
fireman,"n.救火队员,消防队员"
element,"n.要素,元素,成分,元件,自然环境"
execute,"vt.执行,实行,完成,处死,制成,[律]经签名盖章等手续使(证书)生效"
fisherman,"n.渔民,渔夫"
elementary,"adj.初步的,基本的,[化]元素的,自然力的"
executive,"adj.实行的,执行的,行政的;n.执行者,经理主管人员"
flame,"n.火焰,光辉,光芒,热情,激情"
elevator,"n.电梯,升降机,[空]升降舵"
exert,"vt.尽(力),施加(压力等),努力;v.发挥,竭尽全力,尽"
flash,"[计]动画编辑工具;n.闪光,闪现,一瞬间;vi.闪光,闪现,反射,使迅速传便;vt.使闪光,反射;adj.闪光的,火速的"
eliminate,"vt.排除,消除;v.除去"
exhaust,"vt.用尽,耗尽,抽完,使筋疲力尽;vi.排气;n.排气,排气装置;adj.用不完的,不会枯竭的"
flat,"adj.平坦的,单调的,浅的,干脆的,无聊的,无力的;adv.平直地,仰卧地,正好,断然地;n.平面,平地,一层,公寓;v.变平,降半音"
elsewhere,adv.在别处
exhibit,"vt.展出,陈列;n.展览品,陈列品,展品;v.展示"
flee,"vt.逃避,逃跑,逃走;vi.消散,逃,消失"
embarrass,"vt.使困窘,使局促不安,阻碍,麻烦"
existence,"n.存在,实在,生活,存在物,实在物"
fleet,"n.舰队(有固定活动地区舰队),港湾,小河;adj.快速的,敏捷的,浅的;adv.浅;vt.消磨;vi.疾驰,飞逝,掠过"
embassy,"n.大使及其随员,大使的派遣,大使馆"
expand,"vt.使膨胀,详述,扩张;vi.张开,发展"
flesh,"n.肉,(供食用的)兽肉,肉体,肉欲,果肉,蔬菜的嫩部,亲属,人体;vt.以肉喂(猎犬等),使肥,赋以血肉;vi.长胖"
embrace,"vt.拥抱,互相拥抱,包含,收买,信奉;vi.拥抱;n.拥抱"
expansion,"n.扩充,开展,膨胀,扩张物,辽阔,浩瀚"
flexible,"adj.柔韧性,易曲的,灵活的,柔软的,能变形的,可通融的"
emerge,"vi.显现,浮现,暴露,形成,(由某种状态)脱出,(事实)显现出来"
expectation,"n.期待,预料,指望,展望,[数]期望(值)"
float,"n.漂流物,浮舟,浮萍,彩车;vi.浮动,飘浮,散播,摇摆,动摇(计划等)付诸实行;vt.使漂浮,容纳,淹没,发行,实行,用水注满"
emergency,"n.紧急情况,突然事件,非常时刻,紧急事件"
expense,"n.费用,代价,损失,开支,费钱之物"
flock,"n.羊群,(禽、畜等的)群,大量,众多;v.聚结"
emit,"vt.发出,放射,吐露,散发,发表,发行"
experimental,"adj.实验的,根据实验的"
flood,"n.洪水,水灾,(因雨)涨潮,[诗]水;vt.淹没,使泛滥,注满,充满;vi.被水淹,溢出,涌进,喷出,涌出"
emotion,"n.情绪,情感,感情"
expert,"n.专家,行家,[军](特等)射手;adj.老练的,内行的,专门的;vt.在...中当行家,当专家"
flour,n.面粉
emotional,"adj.情绪的,情感的"
explode,"vt.使爆炸;vi.爆炸,爆发,破除,推翻,激发"
flourish,"vi.繁荣,茂盛,活跃,手舞足蹈,兴旺,处于旺盛时期;vt.挥动,夸耀;n.茂盛,兴旺,华饰,繁荣"
emperor,"n.皇帝,君主"
exploit,"vt.开拓,开发,开采,剥削,用以自肥;v.使用"
fluent,"adj.流利的,流畅的"
emphasis,"n.强调,重点"
explore,"v.探险,探测,探究"
fluid,"n.流动性,流度;adj.流动的,不固定的,可改变的,可另派用场的,流畅的"
emphasize,"vt.强调,着重;v.强调"
explosion,"n.爆发,发出,爆炸,[矿]煤气爆炸"
focus,"n.(兴趣活动等的)中心,焦点,焦距,[医]病灶,[地](地震的)震源;vi.聚焦,注视;vt.使集中在焦点上,定焦点,调焦,集中"
empire,"n.帝国,帝权"
explosive,"adj.爆炸(性)的,爆发(性)的,暴露;n.爆炸物,炸药"
fog,"n.雾,烟雾,尘雾,迷惑,苔藓;vi.被雾笼罩,变模糊;vt.使困惑,以雾笼罩"
employee,"n.职工,雇员,店员"
export,"vt.输出;n.出口货,输出,出口,出口商品;v.出口"
fold,"n.折,羊栏,折痕,信徒;vt.折叠,包,合拢,抱住,笼罩,调入,交迭;vi.折叠起来,彻底失败"
employer,"n.雇主,老板"
expose,"vt.使暴露,受到,使曝光;v.揭露"
folk,"n.人们,亲属(复数),民族;adj.民间的"
employment,"n.雇用,使用,利用,工作,职业"
exposure,"n.暴露,揭露,暴光,揭发,揭露,位向,方向,陈列"
following,"n.下列各项,部下,党羽;adj.下列的,其次的;prep.在...之后"
enable,"vt.使能够,授予权利或方法"
expression,"n.表达,表情,脸色,声调,腔调,榨出,语法,措辞;n.[数]式,表达式,符号"
footstep,"n.脚步,脚步声,一步跨出去的距离"
enclose,"vt.放入封套,装入,围绕"
extend,"v.扩充,延伸,伸展,扩大[军]使疏开,给予,提供,演化出的全文,<英>[律]对(地产等)估价"
forbid,"vt.禁止,不许;v.禁止"
encounter,"v.遭遇,遇到,相遇;n.遭遇,遭遇战"
extension,"n.延长,扩充,范围;n.扩展名;adj.[逻]外延的,客观现实的"
force,"n.力量,武力,精力,魄力,势力,暴力,[复]军队,影响力;vt.强制,强加,(用武力)夺取,促使,推动,施加压力"
encourage,"vt.鼓励,怂恿;v.鼓励,鼓励"
extensive,"adj.广大的,广阔的,广泛的"
forecast,"n.先见,预见,预测,预报;vt.预想,预测,预报,预兆"
ending,"n.结尾,结局"
extent,"n.广度,宽度,长度,范围,程度,区域,[律]<英>扣押,<美>临时所有权令"
forehead,"n.前额,(任何事物的)前部"
endless,"adj.无止境的,无穷的"
exterior,"adj.外部的,外在的,表面的,外交的,[建](适合)外用的;n.外部,表面,外型"
forge,"v.稳步前进,铸造,伪造"
endure,"v.耐久,忍耐"
external,"adj.外部的,客观的,[医]外用的,外国的,表面的;n.外部,外面"
formal,"adj.外形的,正式的,合礼仪的,形式的,整齐匀称的;n.正式的社交活动"
enforce,"vt.强迫,执行,坚持,加强"
extra,"adj.额外的,不包括在价目内的,特大的,特佳的;adv.特别地,非常,另外;n.额外人(或物),(报纸)号外,上等品,(电影)临时演员"
format,"n.开本,版式,形式,格式;vt.安排...的格局(或规格),[计]格式化(磁盘)"
engage,"vt.使忙碌,雇佣,预定,使从事于,使参加;vi.答应,从事,交战,[机]接合,啮合"
extraordinary,"adj.非常的,特别的,非凡的,特派的"
formation,"n.形成,构成,编队"
former,"adj.从前的,以前的;n.形成者,创造者,模型,样板"
grand,"adj.盛大的,豪华的,重大的,主要的,极重要的"
horizontal,"adj.地平线的,水平的"
formula,"n.公式,规则,客套语"
grant,"vt.同意,准予,承认(某事为真)～"
horn,"n.(牛、羊等的)角,喇叭,触角;v.装角"
forth,"adv.往前,向外"
grape,"n.葡萄,葡萄树"
horrible,"adj.可怕的,恐怖的,讨厌的"
fortnight,n.两星期
graph,"n.图表,曲线图"
horror,"n.惊骇,恐怖,惨事,极端厌恶"
fortunately,adv.幸运地
grasp,"vt.抓住,抓紧,掌握,领会;n.抓住,抓紧,掌握,领会"
horsepower,n.马力
foundation,"n.基础,根本,建立,创立,地基,基金,基金会"
grateful,"adj.感激的,感谢的"
hostile,"adj.敌对的,敌方的;n.敌对"
fountain,"n.泉水,喷泉,源泉"
gratitude,n.感谢的心情
household,"n.一家人,家庭,家族,王室;adj.家庭的,家族的,家属的,普通的,平常的"
fraction,"n.小部分,片断,分数"
grave,"n.墓穴,坟墓;adj.严重的,(颜色)黯淡的,(声音)低沉的;v.雕刻,铭记"
housing,"n.供给住宅,住宅群,机架,住房供给"
fragment,"n.碎片,断片,片段"
gravity,"n.地心引力,重力"
humble,"adj.卑下的,微贱的,谦逊的,粗陋的;vt.使...卑下,挫,贬抑"
frame,"n.结构,体格;vt.构成,设计,制定,使适合,陷害;vi.<英方>有成功希望;n.帧,画面,框架"
greedy,"adj.贪吃的,贪婪的,渴望的"
humorous,"adj.富幽默感的,滑稽的,诙谐的,想入非非的,异想天开的"
framework,"n.构架,框架,结构"
greenhouse,"n.温室,花房"
humour,"n.幽默,诙谐"
frank,"adj.坦白的,率直的,老实的;vt.免费邮寄;n.免费邮寄特权"
grind,"v.磨(碎),碾(碎),折磨"
hunt,"v.打猎,猎取,搜索,搜寻,猎获;n.打猎,猎取,搜索,搜寻,狩猎"
freight,"n.货物,船货,运费,货运;vt.装货,使充满,运送"
grip,"vt.紧握,紧夹;n.掌握,控制,把手;v.抓住"
hut,"n.小屋,棚屋"
frequency,"n.频率,周率,发生次数"
grocer,"n.食品商,杂货店"
hydrogen,n.氢
frequent,"adj.时常发生的,频繁的"
gross,"adj.总的,毛重的;n.总额"
ideal,"n.理想;adj.理想的,完美的,想象的,观念的,唯心论的"
frog,n.青蛙;vi.捕蛙
growth,"n.生长,种植,栽培,发育,等比级数"
identical,"adj.同一的,同样的"
frontier,"n.国境,边疆,边境"
guarantee,"n.保证,保证书,担保,抵押品;vt.保证,担保"
identify,"vt.识别,鉴别,把...和...看成一样;v.确定"
frost,"n.霜,霜冻,严寒;v.结霜"
guidance,"n.指导,领导"
identity,"n.同一性,身份,一致,特性,恒等式"
frown,"vi.皱眉,蹙额,不赞成,反对;v.皱眉"
guideline,n.方针
idle,"adj.空闲的,懒惰的,停顿的,无用的;vi.不做事,游手好闲,(机器)空转,虚度,不作事,游手好闲,浪费;vt.虚度,使空闲,使空转"
fruitful,"adj.果实结得多的,多产的,富有成效的"
guilty,"adj.犯罪的,有罪的,心虚的"
ignorance,"n.无知,不知"
frustrate,"v.挫败,阻挠,使感到灰心,阻止"
guitar,"n.吉他,六弦琴;vi.弹吉他"
ignorant,adj.无知的
fry,"n.油炸食物,油炸锅,鱼苗,鱼秧;v.油炸,油煎"
gulf,"n.海湾,深渊,漩涡,隔阂;vt.吞没,使深深卷入"
ignore,"vt.不理睬,忽视,[律](因证据不足而)驳回诉讼"
fuel,"n.燃料;vt.加燃料,供以燃料;vi.得到燃料"
gum,"n.齿龈,树脂,橡胶,橡胶树,口香糖,香口胶,泡泡糖"
illegal,"adj.违法的,不合规定的"
fulfil,"vt.实践,履行,实行,结束,满足,完成,达到"
guy,"n.家伙,人"
illustrate,"vt.举例说明,图解,加插图于,阐明;vi.举例"
fulfill,"vt.履行,实现,完成(计划等)"
gym,"gymnasium体育;n.体育馆,体操"
illustration,"n.说明,例证,例子,图表,插图,图解"
function,"n.官能,功能,作用,职责,典礼,仪式,[数]函数;vi.(器官等)活动,运行,行使职责"
gymnasium,"n.健身房,体育馆"
image,"n.图象,肖像,偶像,形象化的比喻,极为相象,映像,典型;vt.想象,作...的像,反映,象征"
fund,"n.资金,基金;v.支助,投资"
halt,"n.停止,暂停,中断;vt.使停止,使立定;vi.立定,停止,踌躇,有缺点"
imaginary,"adj.假想的,想象的,虚构的"
fundamental,"adj.基础的,基本的;n.基本原则,基本原理"
hammer,"n.铁锤,槌,锤子;v.锤击,锤打"
imagination,"n.想象,空想,想象的事物,想象力,听觉"
funeral,"n.葬礼,出殡"
handbag,n.手提包
imitate,"vt.模仿,仿效,仿制,仿造;v.模仿"
fur,"n.毛皮,毛,软毛"
handful,"n.一把,少数"
immediately,"adv.立即,马上,直接地"
furnace,"n.炉子,熔炉"
handle,"n.柄,把手,把柄,口实,手感;vt.触摸,运用,买卖,处理,操作;vi.搬运,易于操纵;n.[计]句柄"
immense,"adj.极广大的,无边的,<口>非常好的"
furnish,"vt.供应,提供,装备,布置;v.供给"
handwriting,"n.笔迹,书写体,书法,笔势"
immigrant,"adj.(从外国)移来的,移民的,移居的;n.移民,侨民"
furniture,"n.家具,设备,储藏物"
handy,"adj.手边的,就近的,唾手可得的,便利的,敏捷的,容易取得的"
impact,"n.碰撞,冲击,冲突,影响,效果;vt.挤入,撞击,压紧,对...发生影响"
furthermore,"adv.此外,而且"
happen,"vi.发生,碰巧,偶然;v.发生,恰巧,偶然发现"
impatient,"adj.不耐烦的,急躁的,不耐心的"
fuss,"n.忙乱,大惊小怪,大惊小怪的人;v.忙乱,大惊小怪"
harbour,n.(=harbor)海港
implement,"n.工具,器具;vt.贯彻,实现;v.执行"
gallery,"n.走廊、戏院、教堂等中最高的楼座,美术陈列室,画廊,图库"
harden,"vt.使变硬,使坚强,使冷酷;vi.变硬,变冷酷,涨价"
implication,"n.牵连,含意,暗示"
gallon,n.加仑
hardship,"n.困苦,艰难,辛苦"
imply,"vt.暗示,意味"
gang,"n.(一)伙,(一)群"
hardware,"n.五金器具,(电脑的)硬件,(电子仪器的)部件"
import,"n.进口货(常用复数),进口,输入,意思,重要性;vt.输入,进口,含...的意思,重要,引入;vi.有关系,有重要性"
gaol,"n.(<英>=jail)监狱,拘留所;vt.监禁"
harm,"vt.伤害,损害;n.伤害,损害"
impose,"vt.征税,强加,以...欺骗;vi.利用,欺骗,施影响"
gap,"n.缺口,裂口,间隙,缝隙,差距,隔阂"
harmony,"n.协调,融洽"
impress,"vt.印,盖印,留下印象"
garbage,"n.垃圾,废物"
harness,"n.(全套)马具,系在身上的绳子,甲胄;vt.上马具,披上甲胄,利用(河流、瀑布等)产生动力(尤指电力)"
impression,"n.印象,感想,盖印,压痕"
gardener,n.园丁
harsh,"adj.粗糙的,荒芜的,苛刻的,刺耳的,刺目的"
impressive,"adj.给人深刻印象的,感人的"
garlic,"n.[植]大蒜,(Akkuynsadtium),蒜头"
haste,"n.匆忙,急忙"
improve,"v.改善,改进"
gasoline,n.汽油
hatred,"n.憎恨,乱意,仇恨"
improvement,"n.改进,进步"
gaze,"v.盯,凝视;n.凝视"
hay,n.干草
incident,"n.事件,事变;adj.附带的,易于发生的"
gear,"n.齿轮,传动装置;v.调整,(使)适合,换档"
hazard,"n.冒险,危险,冒险的事;vt.冒...的危险,赌运气,使遭危险"
incline,"n.倾斜,斜坡,斜面;vt.使倾向于,使倾斜;vi.倾向,倾斜"
gene,"n.[遗传]因子,[遗传]基因"
heading,n.标题
include,"vt.包括,包含"
generally,"adv.一般,通常,一般地"
headline,n.大字标题
increasingly,"adv.日益,愈加"
generate,"vt.产生,发生"
headquarters,"n.司令部,指挥部,总部"
incredible,adj.<口>难以置信的
generator,"n.发电机,发生器"
heal,"v.治愈,医治,结束"
independence,"n.独立,自主"
generous,"adj.慷慨的,大方的,有雅量的"
heap,"n.堆,大量,许多;vt.堆,堆起;v.堆积"
independent,"n.中立派,无党派者;adj.独立自主的,不受约束的"
genius,"n.天才,天赋,天才人物"
hearing,"n.听力,听觉,听取意见,听讼;v.倾听"
index,"n.索引,[数学]指数,指标,(刻度盘上)指针;vt.编入索引中,指出;vi.做索引"
genuine,"adj.真实的,真正的,诚恳的"
heave,v.举起;n.举起
indicate,"vt.指出,显示,象征,预示,需要,简要地说明"
geometry,n.几何学
hedge,"n.树篱,障碍物;v.用树篱围住,避免作正面答复"
indication,"n.指出,指示,迹象,暗示"
germ,"n.微生物,细菌"
heel,"n.脚后跟,踵,跟部"
indifferent,adj.无关紧要的
gesture,"n.姿态,手势,表示;v.作手势,以手势表示"
helicopter,"n.直升(飞)机,直升机"
indirect,"adj.间接的,迂回的"
ghost,"n.鬼,幽灵"
hell,"n.地狱,苦境,阴间,地狱中的人,训斥;vi.狂饮,飞驰;int.该死!"
indispensable,"n.不可缺少之物;adj.不可缺少的,绝对必要的"
giant,"n.巨人,大力士,巨大的动物或植物,伟人,天才;adj.庞大的,巨大的"
helpful,"adj.有帮助的,有用的,有益的"
individual,"n.个人,个体;adj.个别的,单独的,个人的"
given,"adj.赠予的,沉溺的,特定的,假设的;vbl.give的过去分词"
helpless,"adj.无助的,无能的,没用的"
indoor,"adj.户内的,室内的"
glance,"vi.扫视,匆匆一看;n.一瞥,眼光,匆匆一看"
hen,"n.母鸡,雌鸟"
industrial,"adj.工业的,产业的,实业的,从事工业的;n.工业工人,[商]工业股票"
glimpse,"n.一瞥,一看;v.瞥见"
hence,"adv.因此,从此"
industrialize,vt.使工业化;vi.工业化
global,"adj.球形的,全球的,全世界的"
herd,"n.兽群,牧群;v.把...赶在一起放牧,成群"
inevitable,"adj.不可避免的,必然的"
globe,"n.球体,地球仪,地球,世界"
heroic,"adj.英雄的,英勇的"
infant,"n.婴儿,幼儿;adj.婴儿的,幼稚的"
glorious,"adj.光荣的,显赫的"
hesitate,"v.犹豫,踌躇,不愿"
infect,"vt.[医]传染,感染"
glory,"n.荣誉,光荣"
highlight,"n.加亮区,精彩场面,最显著(重要)部分;vt.加亮,使显著,以强光照射,突出"
infer,v.推断
glove,n.手套;vt.戴手套
highly,"adv.高地,非常"
inference,n.推论
glow,"vi.发光,发热"
highway,"n.公路,大路"
inferior,"adj.下等的,下级的,差的,次的,自卑的,劣等的"
glue,"n.胶,胶水;vt.胶合,粘贴,粘合"
hint,"n.暗示,提示,线索"
infinite,"n.无限的东西(如空间、时间),[数]无穷大;adj.无穷的,无限的,无数的,极大的"
golf,n.高尔夫球;vi.打高尔夫球
hip,"n.臀,蔷薇果,忧郁;adj.熟悉内情的;vt.使忧郁,给（屋顶）造屋脊;int.喝彩声"
inflation,"n.胀大,夸张,通货膨胀,(物价)暴涨"
goodness,"n.仁慈,善良"
hire,"n.租金,工钱,租用,雇用;vt.雇请,出租;vi.受雇"
influence,"n.影响,感化,势力,有影响的人(或事),(电磁)感应;vt.影响,改变"
govern,"v.统治,支配,管理"
historic,"adj.历史上著名的,有历史性的"
influential,"adj.有影响的,有势力的"
governor,"n.统治者,管理者,地方长官,主管人员"
historical,"adj.历史(上)的,有关历史的"
inform,"v.(～of/about)通知,告诉,获悉,告知"
grab,"v.抢夺,攫取,夺取"
hobby,n.业余爱好
ingredient,"n.成分,因素"
grace,"n.优美,雅致,优雅"
hollow,"n.洞,窟窿,山谷;adj.空的,虚伪的,空腹的,凹的;adv.<口>彻底vi.形成空洞;vt.挖空,弄凹"
inhabitant,"n.居民,居住者"
graceful,adj.优美的
holy,"adj.神圣的,圣洁的;n.神圣的东西"
inherit,"vt.继承,遗传而得"
gradual,"adj.逐渐的,逐步的,渐进的"
honey,"n.(蜂)蜜,蜂蜜"
initial,"adj.最初的,词首的,初始的;n.词首大写字母"
graduate,"n.(大学)毕业生,研究生;v.(使)(大学)毕业"
honourable,"adj.可敬的,荣誉的,光荣的"
initiative,n.主动
grain,"n.谷物,谷类,谷粒,细粒,颗粒,粮食"
hook,"n.钩,吊钩;v.钩住,沉迷,上瘾"
injection,"n.注射,注射剂,(毛细血管等的)充血,(人造卫星,宇宙飞船等的)射入轨道"
gram,"n.克,[植]鹰嘴豆(用作饲料)"
hopeful,"adj.怀有希望的,有希望的"
injure,"vt.损害,伤害;v.伤害"
grammar,"n.文法,有关原理的书,入门的书"
hopeless,"adj.没有希望的,绝望的,不可救药"
injury,"n.伤害,侮辱"
gramme,n.克
horizon,"n.地平线;n.地平(线),(知识,思想等的)范围,视野"
inn,"n.(尤指乡村或公路边的)旅馆,客栈;vi.住旅馆"
inner,"adj.内部的,里面的,内心的;n.内部"
kettle,"n.壶,罐,釜,鼓"
lower,"adj.较低的,下级的,下等的,下游的;vi.降低,跌落,减弱;vt.放下,降下,减弱,贬低"
innocent,"adj.(～of)清白的,无罪的,天真的,无知的"
keyboard,n.[计]键盘
loyal,"adj.忠诚的,忠心的"
input,n.输入;v.输入
kid,"n.哄骗,取笑,开玩笑,小孩,小山羊;v.哄骗,取笑,开玩笑,欺骗"
loyalty,"n.忠诚,忠心"
inquire,"v.询问,问明,查究"
kindergarten,"n.幼儿园;adj.幼儿园的,初级的,启蒙阶段的"
lucky,"adj.幸运的,吉祥的,侥幸的"
inquiry,"n.质询,调查"
kindness,"n.仁慈,亲切,好意,善意"
luggage,"n.行李,皮箱"
insect,"n.昆虫,卑鄙的人;adj..虫的,虫子一样的,对付虫子的"
kingdom,"n.王国,[宗]天国,上帝的统治,领域"
lump,"n.块（尤指小块）,肿块,笨人;vt.使成块状,混在一起,忍耐,笨重地移动;vi.结块"
insert,"vt.插入,嵌入;n.插入物"
kneel,vi.跪下
lung,"n.肺,呼吸器,肺脏"
insight,"n.洞察力,见识"
knot,"n.(绳等的)结,(树的)节,节(船速,＝哩／小时);v.打结"
luxury,"n.奢侈,华贵"
insist,"v.坚持,强调"
label,"n.标签,签条,商标,标志;vt.贴标签于,指...为,分类,标注;[计]加上或修改磁盘的标签"
machinery,"n.[总称]机器,机械"
inspect,"vt.检查,视察;"
laboratory,n.实验室
magic,"n.魔法,巫术,戏法;adj.魔术的,有魔力的,不可思议的"
inspire,"vt.吸(气),鼓舞,感动,激发,启示,使生灵感,产生;vi.吸入,赋予灵感"
lad,"n.少年,青年男子,<口>伙计，家伙（呢称）"
magnet,"n.磁体,磁铁"
install,"vt.安装,安置,使就职"
lag,"n.落后,囚犯,迟延,桶板,防护套;adj.最后的;vi.缓缓而行,滞后;vt.落后于,押往监狱,加上外套"
magnetic,"adj.磁的,有磁性的,有吸引力的"
installation,"n.[计]安装,装置,就职"
lamb,"n.小羊,羔羊;v.生小羊"
magnificent,"adj.华丽的,高尚的,宏伟的"
instance,"n.实例,建议,要求,情况,场合;vt.举...为例,获得例证"
landlord,"n.房东,地主,(旅馆等的)老板"
maid,"n.少女,女仆"
instant,"adj.立即的,直接的,紧迫的,刻不容缓的,(食品)速溶的,方便的,即时的"
landscape,"n.风景,山水画,地形,前景;v.美化"
mainland,n.大陆
instead,"adv.代替,改为,抵作,更换"
lane,"n.（乡间）小路,巷,里弄,狭窄的通道,航线"
maintain,"vt.维持,维修,继续,供养,主张"
instinct,n.本能
lap,"n.(坐时的)大腿前部,膝盖,舔声,(水)溅泼声,重叠的部分,(跑道的)一圈,衣兜,下摆;vi.重叠,围住,轻拍,舔;vt.包围,抱...在膝上,使重叠,舔食,泼溅,拍打"
maintenance,"n.维护,保持,生活费用,扶养"
institute,"n.学会,学院,协会;vt.创立,开始,制定,开始(调查),提起(诉讼)"
largely,"adv.主要地,大量地,很大程度上"
major,"n.<美>[教]主修课,[律]成年人,[乐]大调;vi.主修"
institution,"n.公共机构,协会,制度"
laser,n.激光
majority,"n.多数,大半;n.[律]成年"
instruct,"vt.教,教导,命令,指示,通知"
latter,"adj.后面的,(两者中)后者的,较后的,近来的"
male,"adj.男的,雄的,男性"
instruction,"n.指示,用法说明(书),教育,指导,指令"
laughter,"n.笑,笑声"
management,"n.经营,管理,处理,操纵,驾驶,手段"
instrument,"n.工具,手段,器械,器具,手段"
launch,"n.下水,汽艇,发射,发行,投放市场;vt.使(船)下水,掷(标枪等),发射(导弹火箭等),开办,发动,发起;vi.起飞,下水,投入,开始"
mankind,"n.人类,男性,男子"
insult,"n.侮辱,凌辱;vt.侮辱,凌辱"
laundry,"n.洗衣店,要洗的衣服,洗熨"
manner,"n.礼貌,风格,方式,样式,习惯"
insurance,"n.保险,保险单,保险业,保险费"
lavatory,"n.厕所,<主英>抽水马桶,<美>洗脸盆,浴室"
manual,"n.手册,指南;adj.手的,手动的,手工的,体力的,手册(性质)的,[律]实际占有的"
insure,vt.给...保险;v.确保
lawn,"n.草地,草坪,(均匀生长于固体培养基的)菌苔"
manufacture,"vt.制造,加工;n.制造,制造业,产品"
integrate,"vt.使成整体,使一体化,求...的积分;v.结合"
layer,"n.层,阶层"
manufacturer,"n.制造业者,厂商"
intellectual,"adj.智力的,有智力的,显示智力的;n.知识分子"
layout,"n.规划,设计,(书刊等)编排,版面,配线,企划,设计图案,(工厂等的)布局图,版面设计"
margin,"n.页边的空白,(湖、池等的)边缘,极限,利润,差数,(时间、金额等的)富余;vt.加边于,加旁注于"
intelligence,"n.智力,聪明,智能"
leader,"n.领导者,社论;n.[计]前导字符;n.[机]导杆"
marine,"n.舰队,水兵,海运业;adj.海的,海产的,航海的,船舶的,海运的"
intelligent,"adj.聪明的,伶俐的,有才智的,[计]智能的"
leadership,"n.领导能力,领导阶层"
market,"n.市场,销路,行情;vt.在市场上交易,使上市;vi.在市场上买卖"
intend,"vt.想要,打算,意指,意谓"
leading,"adj.领导的,第一位的,最主要的"
marriage,"n.结婚,婚姻,婚姻生活,密切结合,合并"
intense,"adj.强烈的,剧烈的,热切的,热情的,激烈的"
leak,"n.漏洞,漏出,漏出物,泄漏,<俚>撒尿;vi.漏,泄漏;vt.使渗漏"
married,"adj.已婚的,婚姻的"
intensity,"n.强烈,剧烈,强度,亮度"
lean,"n.倾斜,倾斜度,倚靠,倾向;adj.瘦的,贫乏的,歉收的;vi.倚靠,倾斜,依赖,倾向,偏向;vt.使倾斜"
marry,"vt.娶,嫁,和...结婚"
intensive,"adj.强烈的,精深的,透彻的,[语法]加强语气的;n.加强器"
leap,"v.跳,跳越,跳跃;n.跳跃,飞跃"
marvelous,"adj.引起惊异的,不可思议的,非凡的"
intention,"n.意图,目的"
learned,"adj.有学问的,学术上的"
Marxist,adj.马克思主义的;n.马克思主义者
interaction,"n.交互作用,交感"
learning,"n.知识,学问,学习,学"
mask,"n.面具,掩饰,石膏面像;vt.戴面具,掩饰,使模糊;vi.化装,戴面具,掩饰,参加化装舞会"
interest,"n.兴趣,关心,重要性,影响,利息,利益,利害;vt.使发生兴趣,引起...的注意"
lease,"n.租借,租约,租赁物,租期,延续的一段时间;vt.出租,租出,租得"
mass,"n.块,大多数,质量,群众,大量;adj.群众的,大规模的,集中的;vt.使集合;vi.聚集"
interfere,"vi.干涉,干预,妨碍,打扰"
leather,"n.皮革,皮革制品"
massive,"adj.厚重的,大块的,魁伟的,结实的"
interference,"n.冲突,干涉"
legal,"adj.法律的,法定的,合法"
mat,"n.席子,垫子;v.铺席子"
interior,"adj.内部的,内的;n.内部"
legislation,"n.立法,法律的制定(或通过)"
mate,"n.配偶,对手,助手;vt.使配对,使一致,结伴;vi.成配偶,紧密配合"
intermediate,adj.中间的;n.媒介
leisure,"n.空闲,闲暇,悠闲,安逸"
material,"n.材料,原料,物资,素材,布料;adj.物质的,肉体的,具体的,重要的,实质性的"
internal,"adj.内在的,国内的"
lemon,n.柠檬;adj.柠檬色的
mathematical,"adj.数学的,精确的"
interpret,"v.解释,说明,口译,通译,认为是...的意思"
lens,"n.透镜,镜头"
mathematics,n.数学;
interpretation,"n.解释,阐明,口译,通译"
lest,"conj.唯恐,以免,免得,(用于fear,beafraid之后,等于that)"
mature,"adj.成熟的,到期的,充分考虑的,(票据等)到期的;vt.使成熟;vi.成熟,到期"
interrupt,"vt.打断(正在说话或动作的人),中断,妨碍,插嘴;vi.打断(别人讲话或行动);n.(发给电脑)中断信号"
liable,"adj.有责任的,有义务的,易...的,有...倾向的,负有责任的,很有可能的"
maximum,"n.最大量,最大限度,极大;adj.最高的,最多的,最大极限的"
interval,"n.间隔,距离,幕间休息;n.时间间隔"
liberal,"n.自由主义者,(尤指英国、加拿大等国的);adj.慷慨的,不拘泥的,宽大的,自由主义的"
mayor,n.市长
interview,"vt.接见,会见;n.接见,会见"
liberate,"v.解放,释放"
meaning,"n.意义,含意,意图,[逻]内涵;adj.意味深长的"
intimate,"adj.亲密的,隐私的;vt.宣布,明白表示;n.熟友"
liberty,"n.自由,特权,随意,冒失,冒昧,失礼"
means,"n.手段,方法;v.意味,想要"
introduction,"n.介绍,传入,初步,导言,绪论,入门"
librarian,"n.图书馆员,图书管理员"
meantime,"n.其间,其时;adv.其间"
invade,"vt.侵略,侵袭,拥挤"
license,"n.许可(证),执照;vt.许可,特许;v.许可"
meanwhile,"(=meantime)n.其间,其时;adv.其间"
invasion,n.入侵
lick,"n.舔,少许,打;vt.舔,卷过,鞭打,克服,征服;vi.轻轻拍打"
measure,"n.尺寸,量度器,量度标准,方法,测量,措施;vt.测量,测度,估量,分派,权衡,调节;vi.量"
invent,"vt.发明,创造;v.发明"
lid,"n.盖子,<美口>限制,眼睑;vt.给...盖盖子"
measurement,"n.测量法,度量,(量得的)尺寸,度量单位制"
invention,"n.发明,创造"
lightning,n.闪电;(“闪电”)英国第一种超音速喷气式战斗机，英60年代的主力机种。
mechanic,"n.技工,机修工,机械士"
invest,"v.投(资),购买(有用之物)～,授予,投资"
likely,"adj.很可能的,合适的,可靠的,有希望的;adv.或许,很可能"
mechanical,"adj.机械的,机械制的,机械似的,呆板的"
investigate,"v.调查,研究"
likewise,"adv.同样地,照样地,又,也;n.同样地"
mechanism,"n.机械装置,机构,机制"
investment,"n.投资,可获利的东西"
limb,"n.肢,翼,分支"
medal,"n.奖章,勋章,纪念章;v.授予...奖章"
invisible,"adj.看不见的,无形的"
limitation,"n.限制,局限性"
media,n.媒体
invitation,"n.邀请,招待"
limited,"adj.有限的,狭窄的,缺乏创见的;n.高级快车"
medium,"n.媒体,方法,媒介;adj.中间的,中等的,半生熟的"
involve,"vt.包括,笼罩,潜心于,使陷于"
link,"n.链环,连结物,火把,链接;vt.连结,联合,挽;vi.连接起来"
melt,"v.(使)融化,(使)熔化,使软化,使感动"
inward,"adv.向内,在内;adj.向内的,内在的"
liquid,"n.液体,流体,流音;adj.液体的,清澈的,透明的,明亮的,流动的,易变的,(财务)易变卖的"
membership,"n.成员资格,成员人数"
isolate,"vt.使隔离,使孤立,使绝缘,离析;n.隔离种群"
liquor,"n.液体,汁，酒精饮料,[药]溶液;vt.浸水;vi.喝酒"
memorial,"n.纪念物,纪念馆,纪念议事,请愿书;adj.记念的,记忆的"
issue,"n.出版,发行,(报刊等)期号,论点,问题,结果,(水,血)流出;vi.发行,流出,造成...结果,进行辩护,传下;vt.使流出,发行(钞票等),发布(令),出版(书);[律]子女,后嗣"
liter,n.公升
mental,"adj.精神的,智力的"
item,"n.(可分类或列举的)项目,条款,(消息、情报等的)一则,一条"
literary,"adj.文学(上)的,从事写作的,文艺的,精通文学的,书本的"
mention,"vt.提及,说起;n.提及,说起;v.论及,提及"
jail,n.监狱;vt.监禁
literature,"n.文学(作品),文艺,著作,文献"
menu,n.菜单
jar,"n.震动,刺耳声,震惊,争吵,罐,广口瓶;vi.震惊,冲突,发刺耳声,不一致;vt.震动,刺激"
liver,n.居住者，生活优裕的人，肝脏
merchant,"n.商人,批发商,贸易商,店主;adj.商业的,商人的"
jaw,"n.[解]颚,颌,下巴(用复数),(山谷、海峡等的)狭窄的入口,[机]叉钳,钳夹;v.闲谈,教训,唠叨"
living-room,"n.客厅,起居室"
mercy,"n.仁慈,宽恕,怜悯"
jazz,"n.(20世纪产生于美国一种舞曲性音乐)爵士乐,喧闹;adj.爵士乐的,喧吵的,颜色过于艳丽的;vi.奏爵士乐,跳爵士舞,游荡;vt.奏爵士乐,使活泼"
loaf,"n.一条面包,块,游荡;v.游荡,虚度光阴"
mere,"adj.仅仅的,起码的,纯粹的"
jealous,"adj.妒忌的,猜疑的,警惕的,嫉妒的"
loan,"n.（借出的）贷款,借出;v.借,借给"
merely,"adv.仅仅,只,不过"
jeans,"n.斜纹布裤,牛仔裤"
lobby,"n.大厅,休息室,<美>游说议员者;vi.游说议员,经常出入休息室;vt.对(议员)进行疏通"
merit,"n.优点,价值;v.有益于"
jet,"n.喷射,黑玉;v.喷射;adj.黑玉色的,墨黑的;喷气机"
local,"adj.地方的,当地的,局部的,乡土的;n.当地居民,本地新闻,慢车,局部"
merry,"adj.欢乐的,愉快的"
jewel,n.宝石
locate,"vt.查找...的地点,使...坐落于,位于;v.定位,位于"
mess,"n.混乱,脏乱;v.弄乱"
joint,"n.接缝,接合处,接合点,关节,(牛羊等腿)大块肉;adj.共同的,联合的,连接的,合办的;vt.连接,接合,使有接头;vi.贴合,生节"
location,"n.位置,场所,特定区域，<美>[电影]外景拍摄场地"
metric,"adj.米制的,公制的"
journal,"n.定期刊物,杂志,航海日记,分类账"
lodge,"n.门房,(猎人住)山林小屋,(游览区)旅馆,(地方社团)集会处;vi.临时住宿,寄宿(某人家);vt.容纳,寄存,把...射入,存放,(向有关当局)提出(声明)"
microphone,"n.扩音器,麦克风"
journalist,"n.新闻记者,从事新闻杂志业的人"
log,"n.航行日志,原木,园形木材,园木;v.把...记入航行日志,伐木,把...锯成段"
microscope,n.显微镜
journey,"n.旅行,旅程;v.旅行"
logic,"n.逻辑,逻辑学,逻辑性"
mild,"adj.温和的,温柔的,淡味的,轻微的,适度的,不含有害物质的的"
judgement,"n.审判,判决,判断力,意见,看法,评价"
logical,"adj.合乎逻辑的,合理的"
military,"adj.军事的,军用的"
jungle,"n.丛林,生死关头"
loop,"n.环,线(绳)圈,弯曲部分,回路,回线,(铁路)让车道,(飞机)翻圈飞行;vt.使成环,以圈结,以环连结;vi.打环,翻筋斗;n.循环"
mill,"n.压榨机,磨坊,磨粉机,工厂,制造厂;vt.碾磨,磨细,搅拌,使乱转,打;vi.乱转,被碾磨"
junior,"n.年少者,晚辈,下级,(年龄、职位等)较低者,大学三年级学生;adj.年少的,下级的,后进的"
loose,"n.解放,放任,放纵;adj.宽松的,不精确的,不牢固的,散漫的,自由的;vt.释放,放枪,开船;vi.变松,开火;adv.松散地"
millimetre,n.毫米
jury,"n.[律]陪审团,评判委员会,陪审员;adj.[海]临时应急的"
loosen,"v.解开,放松,松开"
mineral,"n.矿物,矿石"
justice,"n.正义,正当,公平,正确,司法,审判,欣赏"
lord,"n.封建领主,地主,统治者,[宗]上帝;vi.称王称霸,作威作福;vt.使成贵族"
minimum,"adj.最小的,最低的;n.最小值,最小化"
justify,v.证明...是正当的
lorry,"n.<古>卡车,铁路货车"
minister,"n.部长,大臣"
keen,"adj.锋利的,敏锐的,敏捷的,热心的,渴望的"
lover,"n.爱人,爱好者,情人"
ministry,n.(政府的)部门
minor,"n.未成年人,副修科目;adj.较小的,次要的,二流的,未成年的;vi.辅修;n.[乐]小调,小音阶"
numerous,"adj.众多的,许多的,无数的"
painful,"adj.疼痛的,使痛苦的"
minority,"n.少数,少数民族"
nursery,n.托儿所
painter,"n.画家,油漆匠"
minus,"adj.负的,减的;prep.减去;n.负数"
nylon,n.尼龙
palm,"n.手掌,棕榈,(象征胜利的)棕榈叶;vt.与...握手,藏...于掌中,蒙混"
miracle,"n.奇迹,奇事"
obey,"v.服从,顺从"
panel,"n.面板,嵌板,仪表板,座谈小组,全体陪审员;vt.嵌镶板"
miserable,"adj.痛苦的,悲惨的,可怜"
object,"n.物体,目标,宾语,对象;vi.反对,拒绝,抗议;vt.提出...来反对"
panic,"n.惊慌,恐慌,没有理由的"
mislead,vt.误导
objection,"n.异议,缺陷,妨碍,拒绝之理由"
pants,"n.裤子,短裤"
missile,"n.导弹,发射物"
objective,"n.目标,目的,(显微镜的)(接)物镜,[语法]宾格;adj.客观的,[语法]宾格的"
parade,"n.游行,炫耀,阅兵,检阅,阅兵场;v.游行,炫耀,夸耀,(使)列队行进"
missing,"adj.不见的,缺少的"
obligation,"n.义务,职责,债务"
paragraph,"n.(文章)段,节,段落"
mission,"n.使命,任务,使团,代表团"
oblige,"vt.迫使,责成"
parallel,"adj.平行的,相同的,类似的,并联的;n.平行线,平行面,类似,相似物;v.相应,平行"
mist,n.薄雾
observation,"n.观察,观测,观察资料(或报告)"
parcel,"n.小包,包裹;vt.打包,捆扎"
misunderstand,"vt.误解,误会"
observe,"vt.观察,观测,遵守,评述,说"
parliament,"n.国会,议会"
mixture,"n.混合,混合物,混合剂"
observer,"n.观测者,观察员,遵守者"
partial,"adj.部分的,局部的,偏袒的,偏爱的;n.泛音"
mobile,"adj.可移动的,易变的,机动的;n.运动物体"
obstacle,"n.障碍,妨害物"
participate,"vi.参与,参加,分享,分担"
moderate,"adj.中等的,适度的,适中的;v.缓和"
obtain,"vt.获得,得到"
particle,"n.粒子,点,极小量,微粒,质点,小品词,语气"
modest,"adj.谦虚的,谦让的,适度的"
obvious,"adj.明显的,显而易见的"
particularly,"adv.独特地,显著地"
modify,"vt.更改,修改;v.修改"
occasion,"n.场合,时机,机会"
partner,"n.合伙人,股东,舞伴,伴侣;vt.与...合伙,组成一对;vi.做伙伴,当助手"
moist,adj.潮湿的;n.潮湿
occasional,"adj.偶然的,非经常的,特殊场合的,临时的"
passion,"n.激情,热情"
moisture,"n.潮湿,湿气"
occupation,"n.职业,占有,占有(房屋等)期间"
passive,adj.被动的
mold,"n.模子,铸型;vt.浇铸,塑造"
occupy,"vt.占,占用,占领,占据"
passport,n.护照
molecule,"n.[化]分子,些微"
occur,"vi.发生,出现"
paste,"n.糊,面团,黏土团;vt.用浆糊粘,张贴;n.粘贴"
monitor,"n.班长,监听器,监视器,监控器;vt.监控;v.监控"
occurrence,"n.发生,出现,事件,发生的事情"
pat,"n.轻拍,(黄油)小块;v.轻拍;adv.适时,正好,恰好;adj.恰好的,合适的,人为的"
monument,n.纪念碑
odd,"adj.奇数的,单数的,单只的,不成对的,临时的,不固定的,带零头的,余的"
patch,"n.片,补缀,碎片,斑纹,斑点,小块地,眼罩,傻瓜;vt.修补,补缀,掩饰,平息"
mood,"n.心情,情绪,语气,状态"
offend,"v.犯罪,冒犯,违反,得罪,使...不愉快"
patience,"n.耐性,忍耐"
moral,"adj.道德(上)的,精神的;n.道德"
offense,n.进攻
patient,"n.病人,患者;adj.忍耐的,耐心的"
moreover,"adv.而且,此外"
offensive,"adj.讨厌的,无礼的,攻击性的;n.进攻,攻势"
pattern,"n.模范,式样,模式,样品,格调,图案;vt.模仿,仿造,以图案装饰;vi.形成图案"
mosquito,n.蚊子
official,"n.官员,公务员;adj.职务上的,公务的,官方的,正式的"
paw,"n.手掌,手爪;v.以蹄扒地,抓,笨拙地使用,费力地前进,(人)用手笨拙地摸;abbr.[军]Plasma-ArcWelding,等离子弧焊"
motion,"n.运动,动作;v.运动"
omit,"vt.省略,疏忽,遗漏"
payment,"n.付款,支付,报酬,偿还,报应,惩罚"
motivate,v.激发
onion,"n.洋葱;vt.加洋葱于,因洋葱掉泪"
pea,n.豌豆
motive,"n.动机,目的;adj.发动的,运动的"
opening,"n.开,开放,开始,口子,穴,通路,空缺,机会;adj.开始的,开幕的"
peak,"n.山顶,顶点,帽舌,(记录的)最高峰;adj.最高的;vi.到达最高点,消瘦,缩小;vt.使竖起,使达到最高点"
motor,"n.发动机,电动机"
opera,n.歌剧
peculiar,"adj.奇特的,罕见的,特殊的;n.特有财产,特权"
mould,"n.[亦作mold]肥土,壤土,[亦作mold]霉,模具;v.用土覆盖,发霉,铸造"
operational,"adj.操作的,运作的"
peer,"n.同等的人,贵族;vi.凝视,窥视;vt.与...同等,封为贵族"
mount,"n.乘用马,衬纸,山,装配;vi.乘马,爬上,增长;vt.爬上,使上马,装上,设置,安放,制作...的标本,上演"
operator,"n.操作员,工作者,(电话)接线员,报务员,手术员,行家,经营者,算子"
penalty,"n.处罚,罚款"
mud,"n.泥,泥浆,泥泞;abbr.Multi-UserDungeons,多用户网络游戏;abbr.Multi-UserDomuins,多用户领域"
opponent,"adj.对立的,对抗的;n.对手,反对者"
penetrate,"vt.穿透,渗透,看穿,洞察;vi.刺入,看穿,渗透,弥漫"
mug,n.杯子
opportunity,"n.机会,时机"
pension,"n.养老金,退休金"
multiple,"adj.多样的,多重的;n.倍数,若干;v.成倍增加"
oppose,"vt.反对,使对立,使对抗,抗争;vi.反对"
pepper,n.胡椒粉
multiply,"v.繁殖,乘,增加"
optical,"adj.眼的,视力的,光学的"
per,"prep.每,每一,由,经"
murder,"n.谋杀,凶杀;vt.谋杀,凶杀;v.谋杀"
optimistic,adj.乐观的
perceive,"vt.察觉;v.感知,感到,认识到"
muscle,"n.肌肉,臂力,(可供食用的)瘦肉,[解]肌"
option,"n.选项,选择权,[经]买卖的特权"
percentage,"n.百分数,百分率,百分比"
museum,n.博物馆
optional,"adj.可选择的,随意的"
perception,"n.理解;感知,感觉;DPS公司出的数字影像压缩卡"
mushroom,"n.蘑菇,<古>暴发户;vi.迅速生长,迅速增加,采蘑菇;adj.蘑菇形的,迅速生长的"
oral,adj.口头的
perform,"vt.履行,执行,表演,演出;v.完成任务"
musician,n.音乐家
orbit,"n.轨道,势力范围,生活常规,眼眶;vt.绕...轨道而行;vi.进入轨道,沿轨道飞行,盘旋"
performance,"n.履行,执行,成绩,性能,表演,演奏"
mutual,"adj.相互的,共有的"
orchestra,"n.管弦乐队,乐队演奏处"
permanent,"adj.永久的,持久的"
mysterious,adj.神秘的
orderly,"adj.有秩序的,整齐的,整洁的;n.传令兵,勤务兵;adv.依次地,顺序地"
permission,"n.许可,允许"
mystery,"n.神秘,神秘的事物"
ore,"n.矿石,含有金属的岩石"
persist,"vi.坚持,持续"
myth,"n.神话,神话式的人物(或事物),虚构的故事,荒诞的说法"
organ,"n.[机]元件,机构,机关,机关报;[乐]风琴,管风琴,嗓音;[生物]器官"
personality,"n.个性,人格,人物,名人,(用复数)诽谤、人身攻击"
naked,"adj.裸体的,无遮盖的,无装饰的,无保护的,[律]无证据的,未证实的"
organic,"adj.器官的,有机的,组织的,建制的"
personnel,"n.人员,职员"
namely,"adv.即,也就是"
organize,"n.生物体,有机体"
perspective,"n.透视画法,透视图,远景,前途,观点,看法,观点,观察"
nationality,"n.国籍,国家,部落,民族,民族性"
organization,"n.组织,机构,团体"
pessimistic,"adj.悲观的,厌世的"
naturally,adv.自然地
organism,"vt.组织,使有机化,给予生机;vi.组织起来"
petrol,n.<英>汽油（=<美>gasoline）
nature,"n.自然,自然界,大自然,自然状态,本性,天性,种类"
origin,"n.起源,由来,起因,出身,血统,[数]原点"
petroleum,n.石油
naval,adj.海军的
original,"adj.最初的,原始的,独创的,新颖的;n.原物,原作"
phase,"n.阶段,状态,相,相位;v.定相"
navigation,"n.航海,航空,导航,领航,航行"
ounce,"n.盎司,少量,[动]雪豹"
phenomenon,n.现象
navy,n.海军
outcome,"n.结果,成果"
philosopher,"n.哲学家,哲人"
nearby,"adj.附近的,邻近的;adv.在附近"
outer,"adj.外部的,外面的,远离中心的;n.(射击)环外命中"
philosophy,"n.哲学,哲学体系,达观,冷静"
necessarily,adv.必要地
outlet,"n.出口,出路"
physical,"adj.身体的,物质的,自然的,物理的;n.体格检查"
necessity,"n.必要性,需要,必需品"
outline,"n.大纲,轮廓,略图,外形,要点,概要;vt.描画轮廓,略述"
physician,"n.医师,内科医师"
negative,"n.否定,负数,底片;adj.否定的,消极的,负的,阴性的;vt.否定,拒绝(接受)"
outlook,"n.景色,风光,观点,见解,展望,前景"
physicist,"n.物理学者,唯物论者"
neglect,"vt.忽视,疏忽,漏做;n.忽视,疏忽,漏做"
output,"n.产量,输出,输出量"
pierce,"vt.刺穿,刺破,穿透,突破,深深感动"
negotiate,"v.(与某人)商议,谈判,磋商,,买卖,让渡(支票、债券等),通过,越过"
outset,"n.开端,开始"
pigeon,n.鸽子
Negro,n.黑人
outside,"n.外面,外表,外界;adj.外面的,外表的,外界的;adv.在外面,外表,出界;prep.在...外"
pill,"n.药丸,口服避孕药,弹丸"
neighbourhood,n.邻居关系(美作：neighborhood)
outstanding,"adj.突出的,显著的"
pillar,"n.[建]柱子,栋梁,重要的支持者"
nephew,"n.侄子,外甥"
outward,"adj.外面的,外表的,公开的,向外的,外出的;adv.向外,在外,表面上n.外表,周围世界"
pillow,"n.枕头,枕垫"
nerve,"n.神经,胆量,勇气,叶脉;vt.鼓起勇气"
oval,"adj.卵形的,椭圆的;n.卵形,椭圆形"
pilot,"n.飞行员,领航员,引水员;vt.驾驶(飞机等),领航,引水;v.驾驶"
nest,"n.巢,窝,休息所,隐匿处,舒适的地方,(可以一个套一个的)一套器具;vi.筑巢,找鸟巢;vt.造巢,使套入"
oven,"n.烤箱,烤炉,灶"
pinch,"n.捏,撮,收缩,紧急关头,匮乏,压力;vt.掐,夹痛,修剪,勒索,使感缺乏,使萎缩,偷;vi.收缩,节省"
network,"n.网络,网状物,广播网"
overall,"adj.全部的,全面的"
pine,"n.松树,树木;v.消瘦,憔悴,渴望,渴慕"
neutral,"n.中立者,中立国,非彩色,齿轮的空档;adj.中立的,中立国的,中性的,无确定性质的,(颜色等)不确定的"
overcome,"vt.战胜,克服,胜过,征服;vi.得胜"
pint,n.品脱
nevertheless,"conj.然而,不过;adv.仍然,不过"
overhead,"adj.在头上的,高架的;n.企业一般管理费用,天花板adv.在头顶上,在空中,在高处"
pit,"n.深坑,深渊,陷阱,(物体或人体表面)凹陷,(英国剧场的)正厅后排,正厅后排观众;vt.窖藏,使凹下,去...之核,使留疤痕,使竞争;vi.起凹点,凹陷"
niece,"n.侄女,甥女"
overlook,"vt.俯瞰,耸出,远眺,没注意到;n.眺望,俯瞰中的景色"
pitch,"n.程度,斜度,树脂,投掷,定调,(船只)前后颠簸,倾斜,沥青;vt.投,掷,向前倾跌,定位于,用沥青涂,扎营;vi.搭帐篷,投掷,坠落,倾斜"
nightmare,"n.梦魇,恶梦,可怕的事物"
overnight,"n.头天晚上;adj.通宵的,晚上的,前夜的;adv.在前一夜,整夜,昨晚一晚上"
planet,n.[天]行星
nitrogen,n.[化]氮
overseas,"adv.海外;adj.外国的,海外的"
plantation,"n.耕地,种植园,大农场,森林,人造林,殖民"
nonsense,"n.胡说,废话"
overtake,"vt.赶上,追上,(暴风雨、麻烦等)突然来袭,压倒"
plastic,"n.塑胶,可塑体,塑料制品,整形;adj.塑胶的,塑造的,有可塑性的,造形的,(外科)整形的"
normal,"n.正规,常态,[数学]法线;adj.正常的,正规的,标准的"
owe,"vt.欠(债等),受到...的思想,感激,把...归功于;v.欠,应感激,应该把…归功于(to);vi.欠钱"
platform,"n.(车站)月台,讲台,讲坛;平台"
normally,"adv.正常地,通常地"
owing,"adj.(～to)由于,该付的,未付的,应归功于"
pledge,"n.保证,誓言,抵押,抵押品;vt.保证,使发誓,抵押,典当,举杯祝...健康"
notebook,"n.笔记簿,笔记本"
owner,"n.所有者,业主"
plentiful,"adj.许多的,大量的,丰富的,丰饶的"
noticeable,"adj.显而易见的,值得注意的"
ownership,"n.所有权,物主身份"
plot,"n.小块土地,地区图,图,秘密计划(特指阴谋),(小说的)情节.结构;vt.划分,绘图,密谋;vi.密谋,策划"
notify,v.通报
oxygen,n.[化]氧
plug,"vt.堵,塞,插上,插栓;n.塞子,插头,插销"
notion,"n.概念,观念,想法,意见,打算,主张,(复数)<美语>小饰物"
pace,"n.(一)步,速度,步调,步法,步态;vi.踱步,缓慢的走;vt.用步测,踱步于,(马)溜花蹄"
plunge,"n.跳进,投入;vi.投入,跳进,陷入;vt.使投入,使插入,使陷入"
nowhere,"adv.无处,到处都无"
pack,"n.包裹,<贬>一群,一副,背包,包装;vt.包装,捆扎,塞满,压紧,挑选;vi.包装货物,挤,群集,被包装;背包"
plural,adj.复数的
nuclear,"adj.[核]核子的,原子能的,核的,中心的"
package,"n.包裹,包;"
plus,"prep.加上;adj.正的,加的"
nucleus,"[nuclear的复数,见nuclear];n.核子"
packet,"n.小包裹,小捆;v.包装;信息包"
poem,"n.诗,象诗一样,美丽的东西"
nuisance,"n.讨厌的人或东西,麻烦事,损害"
pad,"n.垫,衬垫,便笺簿;v.加上衬垫"
poet,n.诗人
poetry,"n.诗,作诗法,诗意,诗情"
prompt,"n.提示,付款期限;vt.提示,鼓动,促使,(给演员)提白;adj.敏捷的,迅速的,即时的;adv.准时地;n.DOS命令:改变DOS系统提示符的风格"
recommend,"vt.推荐,介绍,劝告,使受欢迎,托付,使...受欢迎,使...可取"
poison,"n.毒药,败坏道德之事,毒害;vt.毒害,败坏,使中毒;vi.放毒,下毒"
pronoun,n.代名词
recommendation,"n.推荐,介绍(信),劝告,建议"
poisonous,adj.有毒的
proof,"n.证据,试验,考验,[印刷]校样;adj.不能透入的,证明用的,防...的,有耐力的"
recorder,"n.记录员,录音[像]机;n.[计]宏录制器,记录器"
pole,"n.棒,柱,杆,竿,极,磁极,电极;vt.用竿支撑,用棒推;vi.撑篙"
property,"n.财产,所有物,所有权,性质,特性,(小)道具"
recover,"vt.重新获得,恢复,使改过;vi.痊愈,复原,胜诉;n.DOS命令:从含有损坏磁盘扇区的磁盘上恢复文件"
policy,"n.政策,方针"
proportion,"n.比例,均衡,面积,部分;vt.使成比例,使均衡,分摊"
recovery,"n.恢复,痊愈,防御"
polish,"n.磨光,光泽,上光剂,优雅,精良;vt.擦亮,发亮,磨光,推敲;vi.发亮,变光滑;adj.波兰的;n.波兰人"
proportional,"adj.比例的,成比例的,相称的,均衡的"
recreation,"n.消遣,娱乐"
politician,"n.政治家,政客"
proposal,"n.提议,建议"
recruit,"n.新兵,新分子,新会员;vt.使恢复,补充,征募;vi.征募新兵,复原"
politics,"n.政治,政治学,政纲,政见"
propose,"vt.计划,建议,向...提议,求(婚);vi.打算,求婚"
reduction,"n.减少,缩影,变形,缩减量,约简"
poll,"n.选举之投票,民意测验;v.投票,获得选票,选举中获得"
prospect,"n.景色,前景,前途,期望;vi.寻找,勘探"
reference,"n.提及,涉及,参考,参考书目,证明书(人),介绍信(人)"
pollute,"vt.弄脏,污染"
prosperity,n.繁荣
refine,"vt.精炼,精制,使文雅高尚"
pollution,"n.污染,玷污"
prosperous,adj.繁荣的
reflect,"v.反射,反映,表现,反省,细想"
pond,n.池塘;v.筑成池塘
protection,n.保护
reflection,"n.反射,映象,倒影,反省,沉思,反映"
portable,"adj.轻便的,手提(式)的,便携式的"
protective,"adj.给予保护的,保护的"
reflexion,"n.<主英>（=reflection）反射,反射光"
porter,"n.守门人,门房,行李搬运工"
protein,n.[生化]蛋白质;adj.蛋白质的
reform,"n.改革,改善,改良运动,感化;vt.改革,革新,重新组成;vi.革新,改过,重组"
portion,"n.一部分,一分"
protest,"n.主张,断言,抗议;v.主张,断言抗议,拒付"
refresh,"v.(使)精神振作,(使)精力恢复,更新"
portrait,"n.肖像,人像"
prove,"vt.证明,证实,检验,考验;vi.原来(是),证明(是)"
refrigerator,"n.电冰箱,冷藏库"
pose,"n.姿势,姿态;v.(使...)摆好姿势,形成,引起,造成;vi.摆姿势,佯装,矫揉造作"
provide,"v.供应,供给,准备,预防,规定"
refugee,"n.难民,流亡者"
positive,"adj.肯定的,实际的,积极的,绝对的,确实的;adj.[数]正的;adj.[电]阳的;adj.[语法]原级的"
provided,conj.倘若
refusal,"n.拒绝,推却,优先取舍权,优先取舍的机会"
possess,"vt.占有,拥有,持有,摆布,支配"
province,n.省(一个国家的大行政区)
regarding,prep.关于
possession,"n.拥有,占有,所有,着迷,领土,领地,财产(常用复数),自制"
provision,"n.供应,(一批)供应品,预备,防备,规定"
regardless,"adj.不管,不顾,不注意"
possibility,"n.可能性,可能发生的事物"
provoke,"vt.激怒,挑拨,煽动,惹起,驱使"
region,"n.区域,地方,(世界上某个特定的)地区,(艺术,科学等的)领域,(大气,海水等的)层"
postage,n.邮资
psychological,adj.心理(上)的
register,"n.记录,登记簿,登记,注册,寄存器;vt.记录,登记,注册,提示,把...挂号;vi.登记,注册,挂号"
postpone,"vt.推迟,使延期,延迟"
publication,"n.出版物,出版,发行,公布,发表"
regulate,"vt.管制,控制,调节,校准"
potential,"adj.潜在的,可能的,势的,位的;n.潜能,潜力,电压"
publicity,n.公开
regulation,"n.规则,规章,调节,校准"
pour,"v.灌注,倾泻,涌入,流,倾盆大雨"
publish,"v.出版,刊印;vt.公布,发表"
reinforce,"vt.加强,增援,补充,增加...的数量,修补,加固;vi.求援,得到增援;n.加固物"
poverty,"n.贫穷,贫困,贫乏,缺少"
pulse,"n.脉搏,脉冲"
reject,"n.被拒之人,被弃之物,不合格品,落选者,不及格者;vt.拒绝,抵制,否决,呕出,驳回,丢弃"
powder,"n.粉,粉末,火药,尘土;vt.搽粉于,撒粉,使成粉末;vi.搽粉,变成粉末"
pump,"n.泵,抽水机;vt.(用泵)抽(水),抽吸"
relate,"vt.叙述,讲,使联系,发生关系"
powerful,"adj.强大的,有力的"
punch,"n.冲压机,冲床,打孔机;vt.冲孔,打孔"
relationship,"n.关系,关联"
practically,"adv.实际上,事实上,在实践上;adv.几乎,简直"
punctual,"adj.严守时刻的,准时的"
relative,"n.亲戚,关系词,相关物,亲缘植物;adj.有关系的,相对的,比较而言的"
pray,"v.祈祷,恳求,请"
purchase,"vt.买,购买;n.买,购买"
relativity,"n.相对性,相关性,[物]相对论"
prayer,n.祈祷
purple,adj.紫色的;n.紫色
relax,"vi.放松,休息,休养,变从容;vt.使松驰,缓和,使松懈,使休息"
precaution,"n.预防,警惕,防范"
purse,n.钱包
release,"n.释放,让渡,豁免,发行的书,释放证书;vt.释放,解放,放弃,让与,免除,发表;n.版本,发布"
preceding,"adj.在前的,前述的"
pursue,"vt.追赶,追踪,追击,继续,从事"
relevant,"adj.有关的,相应的"
precious,"adj.宝贵的,贵重的,珍爱的,过于精致的,珍爱的"
puzzle,"n.难题,谜;v.(使)迷惑,(使)为难,迷惑不解"
reliable,"adj.可靠的,可信赖的"
precise,"adj.精确的,准确的;n.精确"
qualification,"n.资格,条件,限制,限定,赋予资格"
relief,"n.(痛苦等的)减轻,(债务等的)免除,救济,调剂,安慰,浮雕,地貌"
precision,"n.精确,精密度,精度"
qualify,"v.(使)具有资格,证明合格,限制修饰;vt.限制,限定"
relieve,"vt.减轻,解除,援救,救济,换班"
predict,"v.预知,预言,预报"
queue,"n.行列,长队,队列;vi.排队,排队等待"
religion,"n.宗教,信仰"
preface,"n.序文,绪言,前言;vi.作序,写前言;vt.为...写序言,开始"
quit,"vi.离开,辞职,停止;vt.离开,放弃,解除,停止"
religious,"adj.信奉宗教的,虔诚的,宗教上的,修道的,严谨的;n.僧侣,尼姑,修道士"
preferable,"adj.更可取的,更好的,更优越的"
quiz,"n.测验,提问,恶作剧;v.对...进行测验,盘问,挖苦"
reluctant,"adj.不顾的,勉强的,难得到的,难处理的"
preference,"n.偏爱,优先选择"
quotation,"n.引用语,价格,报价单,行情表"
rely,"v.依赖,依靠,信赖,信任,依赖于"
pregnant,"adj.怀孕的,重要的,富有意义的,孕育的"
quote,"vt.引用,引证,提供,提出,报(价)"
remain,"vi.保持,逗留,剩余,残存"
prejudice,"n.偏见,成见,损害,侵害;v.损害"
racial,"adj.人种的,种族的,种族间的"
remark,"n.备注,评论,注意,注释;vt.评论,注意,谈及;vi.谈论"
preliminary,"adj.预备的,初步的"
rack,"n.架,行李架,拷问台,小步跑,烧酒,破坏;vt.放在架上,在架上制作,折磨,加以拷问,使痛苦,榨取;vi.在饲草架装满干草,变形,(云)随风飘,(马)小步跑"
remarkable,"adj.不平常的,非凡的,值得注意的,显著的"
preparation,"n.准备,预备"
radar,"n.雷达,电波探测器"
remedy,"n.药物,治疗法,补救,赔偿;vt.治疗,补救,矫正,修缮,修补"
preposition,n.前置词
radiation,"n.发散,发光,发热,辐射,放射,放射线,放射物"
remind,"vt.提醒,使想起"
prescribe,"v.指示,规定,处(方),开(药)"
radical,"adj.根本的,基本的,激进的;n.激进分子"
remote,"adj.遥远的,偏僻的,细微的"
presence,"n.出席,到场,存在"
rag,"n.抹布,碎屑,石板瓦,破旧衣服,少量;vt.揶揄,戏弄,欺负;vi.喧闹"
removal,"n.移动,免职,切除"
presentation,"n.介绍,陈述,赠送,表达"
rage,"n.愤怒,情绪激动,狂暴,精神错乱;vi.大怒,狂吹,风行"
render,"vt.呈递,归还,着色,汇报,致使,放弃,表演,实施;vi.给予补偿;n.交纳,粉刷,打底"
presently,"adv.目前,不久"
raid,"n.袭击,搜捕;v.奇袭,搜捕"
renew,"vt.使更新,使恢复,重申,补充,续借,复兴;vi.更新,重新开始"
preserve,"vt.保护,保持,保存,保藏;vi.做蜜饯,禁猎;n.蜜饯,果酱,禁猎地,禁区,防护物"
rail,"n.横杆,围栏,扶手,铁轨;vt.以横木围栏,铺铁轨;vi.责骂,抱怨"
rent,"v.租,租借,出租;n.租金"
pressure,"n.压,压力,电压,压迫,强制,紧迫"
railroad,n.铁路;vt.<美>由铁道运输
repeatedly,"adv.重复地,再三地"
presumably,"adv.推测起来,大概"
railway,"n.[英]铁道,铁路"
repetition,"n.重复,循环,复制品,副本"
pretend,"vt.假装,装扮,(作为藉口或理由)伪称"
rainbow,"n.彩虹,五彩缤纷的排列,幻想,幻觉,虚无缥缈的东西;adj.五彩缤纷的"
replace,"vt.取代,替换,代替,把...放回原处"
prevail,"vi.流行,盛行,获胜,成功"
rally,"v.重整旗鼓,给予新力量,(使)恢复健康,力量,决心,集结;n.集会"
replacement,"n.归还,复位,交换,代替者,补充兵员,置换,移位"
previous,"adj.在前的,早先的;adv.在...以前;返回上一级菜单"
range,"n.山脉,行列,范围,射程;vt.排列,归类于,使并列,放牧;vi.平行,延伸,漫游"
reporter,"n.记者,通讯员"
priest,n.牧师
rank,"n.等级,横列,阶级;adj.繁茂的,恶臭的,讨厌的,下流的;vt.排列,归类于,把...分等;vi.列为,列队;n.[数]秩"
represent,"vt.表现,描绘,声称,象征,扮演,回忆,再赠送,再上演;vi.提出异议"
primarily,"adv.首先,起初,主要地,根本上"
rare,"adj.稀罕的,杰出的,珍贵的,(肉类)半熟的;adv.非常"
representative,"n.代表;adj.典型的,有代表性的"
primary,"adj.第一位的,主要的,初步的,初级的,原来的,根源的"
rarely,"adv.很少地,罕有地"
reproduce,"v.繁殖,再生,复制,使...在脑海中重现"
prime,"n.最初,青春,精华;adj.主要的,最初的,有青春活力的,最好的,第一流的,根本的,[数]素数的;v.预先准备好,<口>让人吃(喝)足,灌注,填装"
rat,n.老鼠
republican,"adj.共和国的,共和政体的,共和主义的,有关共和的;n.共和党人"
primitive,"adj.原始的,远古的,粗糙的,简单的"
rate,"n.比率,速度,等级,价格,费用;vt.估价,认为,鉴定等级,责骂;vi.被评价,责骂"
reputation,"n.名誉,名声"
principal,"n.负责人,首长,校长,主犯,本金;adj.主要的,首要的"
ratio,"n.比,比率,[财政]复本位制中金银的法定比价"
require,"vt.需要,要求,命令"
principle,"n.法则,原则,原理"
rational,"adj.理性的,合理的,推理的;n.[数]有理数"
requirement,"n.需求,要求,必要条件,需要的东西,要求必备的条件"
prior,"adj.优先的,在前的;n.预先;adv.在"
raw,"n.生肉,擦伤处,身上的痛处;adj.未加工的,生疏的,处于自然状态的,不掺水的,擦掉皮的,阴冷的,刺痛的;vt.擦伤"
rescue,"vt.援救,营救;n.援救,营救"
priority,"n.先,前,优先,优先权"
react,"vi.起反应,起作用,反抗,起反作用"
resemble,"vt.象,类似"
private,"adj.私人的,私有的,私营的,秘密的;n.士兵"
reaction,"n.反应,反作用,反动(力)"
reservation,"n.保留,(旅馆房间等)预定,预约"
privilege,"n.特权,特别待遇,基本公民权力,特免;vt.给与...特权,特免"
readily,"adv.乐意地,欣然,容易地"
reserve,"n.储备(物),储藏量,预备队;vt.储备,保存,保留,预定,预约"
probable,"adj.很可能的,大概的"
realistic,adj.现实(主义)的
reservior,"n.贮水池,贮藏处,贮备"
procedure,"n.程序,手续"
reality,"n.真实,事实,本体,逼真"
residence,"n.居住,住处"
proceed,"vi.进行,继续下去,发生"
realm,n.领域
resident,"n.居民;adj.居住的,常驻的"
process,"n.过程,作用,方法,程序,步骤,进行,推移;vt.加工,处理"
rear,"n.后面,背后,后方,屁股;adj.后面的,背面的,后方的;vt.培养,饲养,举起,树立,栽种;vi.高耸,暴跳,用后腿站起"
resign,"n.辞去(职务);v.辞去,辞职"
procession,"n.行列,队伍"
reasonable,"adj.合理的,有道理的,通情达理的,讲道理的"
resist,"vt.抵抗,反抗,抗,忍得住"
product,"n.产品,产物,乘积"
rebel,"n.造反者,叛逆者,反抗者,叛乱者;adj.造反的,叛逆的,反抗的;v.造反,反叛,反抗,叛乱"
resistance,"n.反抗,抵抗,抵抗力,阻力,电阻,阻抗"
profession,"n.职业,专业,表白,宣布"
recall,"vt.回忆,回想,记起,取消;n.召回"
resistant,"adj.抵抗的,有抵抗力的"
professional,"n.自由职业者,专业人员,职业运动员,职业艺人;adj.专业的,职业的"
receipt,"n.收条,收据,收到;v.收到"
resolution,"n.坚定,决心,决定,决议"
profile,"n.剖面,侧面,外形,轮廓"
receiver,"n.接受者,接收器,收信机"
resolve,"n.决心;v.决心,决定,决心要,(使)分解,溶解,解决;vt.解决"
profit,"n.利润,益处,得益;vi.得益,利用;vt.有益于,有利于"
recently,adv.最近
resort,"vi.求助,诉诸,采取(某种手段等),常去;n.凭借,手段,常去之地,胜地"
progressive,"n.改革论者,进步论者;adj.前进的,(税收)累进的,进步的"
reception,"n.接待,招待会,接收"
resource,"n.资源,财力,办法,智谋"
prohibit,"vt.禁止,阻止"
recession,"n.撤回,退回,退后,工商业之衰退,不景气"
respect,"n.尊敬,敬重,注意,考虑,尊重,关系,有关,敬意;vt.尊敬,尊重,不防碍"
project,"n.计划,方案,事业,企业,工程;v.设计,计划,投射,放映,射出,发射(导弹等),凸出"
reckon,"vt.计算,总计,估计,猜想;vi.数,计算,估计,依赖,料想"
respective,"adj.分别的,各自的"
prominent,"adj.卓越的,显著的,突出的"
recognition,"n.赞誉,承认,重视,公认,赏识,识别"
respectively,"adv.分别地,各个地"
promote,"vt.促进,发扬,提升,提拔,晋升为"
recognize,"vt.认可,承认,公认,赏识;vi.具结"
respond,"v.回答,响应,作出反应;vi.有反应"
response,"n.回答,响应,反应"
scholarship,"n.奖学金,学问,学识"
slim,"adj.苗条的,纤细的,不足取的,无价值的,细长的;v.变细,减肥"
responsibility,"n.责任,职责"
scientific,adj.科学的
slip,"n.滑倒,事故,片,纸片;vi.滑动,滑倒,失足,减退;vt.使滑动,滑过,摆脱,闪开,塞入;adj.滑动的,活络的,有活结的;abbr.SerialLineInterfaceProtocol,串行接口协议"
responsible,"adj.有责任的,可靠的,可依赖的,负责的"
scissors,n.剪刀
slippery,"adj.滑的,光滑的"
restless,"adj.得不到休息的,不平静的,不安宁的"
scold,"v.责骂,申斥,斥责"
slope,"n.斜坡,斜面,倾斜;v.(使)顺斜"
restore,"vt.恢复,使回复,归还,交还,修复,重建"
scope,"n.(活动)范围,机会,余地"
smash,"v.打碎,粉碎;n.打碎,粉碎;adj.出色的"
restrain,"vt.抑制,制止"
score,"n.得分,乐谱,抓痕,二十,终点线,刻痕,帐目,起跑线;vt.把...记下,刻划,划线,获得,评价;vi.记分,刻痕,得分"
snap,"v.猛地吸住,突然折断,使劈啪地晌,猛咬;n.猛咬,突然折断,劈啪声;adj.突然的"
restraint,"n.抑制,制止,克制"
scout,"n.侦察,搜索,侦察员,侦察机;vi.守候,侦察,巡视,嘲笑;vt.侦察,跟踪,觅得,监视,轻蔑地拒绝(建议,意见等)"
soak,"adj.所谓的,号称的"
restrict,"vt.限制,约束,限定"
scrape,"n.刮,擦,擦痕,刮擦声,困境;vi.刮掉,擦掉,刮出刺耳声;vt.刮,擦,擦伤,挖成"
soar,"v.浸,泡,浸透;n.浸透"
result,"n.结果,成效,计算结果;vi.起因,由于,以...为结果,导致"
scratch,"n.乱写,刮擦声,抓痕,擦伤;vt.乱涂,勾抹掉,擦,刮,搔,抓,挖出;vi.发刮擦声,搔,抓;adj.打草稿用的,凑合的"
so-called,"v.高飞,高丛,滑翔,剧增,昂扬;n.高飞范围,高涨程度"
resume,"n.摘要,概略,<美>履历;vt.再继续,重新开始,重新占用,再用,恢复"
scream,"v.尖声叫,尖声喊叫;n.尖叫声,喊叫声"
social,"adj.社会的,爱交际的,社交的,群居的"
retain,"vt.保持,保留"
screen,"n.屏,银幕,筛子,掩蔽物,屏风;vt.掩蔽,包庇,放映,拍摄,筛;vi.拍电影"
socialism,"n.社会主义,社会主义运动"
retire,"vi.退休,引退,退却,撤退,就寝"
screw,"n.螺丝钉,螺旋,螺杆,螺孔,螺旋桨,吝啬鬼;vt.调节,旋,加强,压榨,强迫,鼓舞;vi.转动,旋,拧"
socialist,"n.社会主义者,社会党党员"
retreat,"vi.撤退,退却;n.撤退,退却"
script,"n.手稿,手迹,剧本,考生的笔试卷,原本"
soda,"n.苏打,碳酸水"
reveal,"vt.展现,显示,揭示,暴露"
seal,"n.封铅,封条,印,图章,密封;vt.封,密封;n.海豹,海豹毛皮"
software,n.软件
revenue,"n.收入,国家的收入,税收"
secondary,"adj.次要的,二级的,中级的,第二的"
solar,"adj.太阳的,日光的"
reverse,"n.相反,背面,反面,倒退;adj.相反的,倒转的,颠倒的;vt.颠倒,倒转"
section,"n.部分,断片,部件,节,项,区,地域,截面"
sole,"adj.单独的,唯一的;n.脚底,鞋底,基础;v.换鞋底"
revise,"vt.修订,校订,修正,修改"
sector,"n.部分,部门,[计]扇区,地区,象限,扇形;v.使分成部分,把...分成扇形"
solemn,"adj.庄严的,隆重的,严肃的"
revolt,"v.反抗,起义,反叛,反感,厌恶"
secure,"adj.安全的,可靠的,放心的,无虑的;v.保护"
solution,"n.解答,解决办法,溶解,溶液,解决方案"
revolutionary,adj.革命的
security,n.安全
solve,"vt.解决,解答"
reward,"n.报酬,奖金;vt.酬劳,奖赏"
segment,"n.段,节,片断;v.分割"
somehow,adv.不知何故
rhythm,"n.节奏,韵律"
select,"vt.选择,挑选;adj.精选的"
somewhat,"adv.稍微,有点,有些"
rib,n.肋骨
selection,"n.选择,挑选,选集,精选品"
sophisticated,"adj.诡辩的,久经世故的"
ribbon,"n.缎带,丝带,带,带状物,带子"
selfish,adj.自私的
sore,"adj.疼痛的,痛心的,剧烈的;n.痛的地方,痛处"
rid,"vt.使摆脱,使去掉"
semester,n.学期
sorrow,"n.悲哀,悲痛"
ridge,"n.背脊,山脊,屋脊,山脉,犁垄;v.起皱,成脊状延伸,翻土作垄"
semiconductor,n.[物]半导体
sour,"adj.酸的,发酵的,酸腐的,酸味的"
ridiculous,"adj.荒谬的,可笑的"
seminar,"n.研究会,讨论发表会"
source,"n.来源,水源,消息来源,原始资料,发起者,源,源极"
rifle,"n.来复枪,步枪,来复线,膛线;vt.用步枪射击,抢夺;vi.掠夺"
senate,"n.参议院,上院"
sow,"n.大母猪;vt.播种,散布,使密布;vi.播种"
rigid,"adj.刚硬的,刚性的,严格的"
senator,"n.参议员,(大学的)评议员,(古罗马的)元老院议员"
spacecraft,n.太空船
riot,"n.暴乱,骚动,(植物,疾病等)蔓延,放荡,暴动;v.骚乱,放纵,挥霍,参加骚动"
senior,"adj.年长的,资格较老的,地位较高的,高级的"
spade,"n.铲,铁锹;v.铲"
ripe,"adj.熟的,成熟的,时机成熟的;v.成熟"
sensible,"adj.有感觉的,明智的,有判断力的"
span,"n.跨度,跨距,范围;v.横越"
risk,"vt.冒...的危险;n.冒险,风险"
sensitive,"adj.敏感的,灵敏的,感光的"
spark,"n.火花,火星,闪光,情郎,花花公子,活力,电信技师,瞬间放电;vi.闪烁,发火花,求婚;vt.发动,鼓舞,使有朝气,求婚"
rival,"n.竞争者,对手;v.竞争,对抗,相匹敌"
sequence,"n.次序,顺序,序列"
specialist,"n.专门医师,专家"
roar,"n.吼叫,怒号;vi.吼叫,怒号;v.滚动,咆哮"
series,"n.连续,系列,丛书,级数"
specialize,"vi.专攻,专门研究,使适应特殊目的,使专用于"
roast,"v.烤,烘,烘烤,暴露于某种热力下以得温暖"
session,"n.会议,开庭"
species,"n.种类,(原)核素;n.[律]式样;n.[宗]圣餐物"
rob,"v.抢夺,抢掠,剥夺"
setting,"n.安置,安装,(太阳)落山,(固定东西的)框架,底座"
specific,"n.特效药,细节;adj.详细而精确的,明确的,特殊的,特效的,[生物]种的"
rocket,n.火箭;v.飞速上升
settle,"n.有背的长凳;vt.安放,使定居,安排,解决,决定,整理,支付,使平静;vi.安家,定居,停留,下陷,沉淀,决定,澄清"
specifically,"adv.特定的,明确的"
rod,"n.杆,棒"
settlement,"n.沉降,解决,结算,殖民,殖民地"
specify,"vt.指定,详细说明,列入清单"
roller,"n.滚筒,辊子"
severe,"adj.严厉的,严格的,剧烈的,严重的,严峻的"
specimen,"n.范例,标本,样品,样本,待试验物"
romantic,"adj.传奇式的,浪漫的,空想的,夸大的"
sew,"v.缝制,缝纫,缝合"
spectacular,"adj.引人入胜的,壮观的"
rope,"n.绳,索,绳索;v.围起"
sexual,"adj.性的,性别的,[生]有性的"
speculate,"vi.推测,思索,做投机买卖"
rotate,v.(使)旋转
shallow,"adj.浅的,浅薄的"
spelling,"n.拼法,拼写法"
rotten,"adj.腐烂的,恶臭的,堕落的,(岩石等)风化的,虚弱的,无用的"
shave,"v.剃,刮,削刮;vt.刨,削;n.刮脸"
sphere,"n.球,球体,范围,领域,方面,圈子,半球"
rouse,"v.唤醒,激起,使振奋,惊起;n.觉醒,奋起"
shed,"vt.流出,发散,散发,脱落,脱皮,摆脱;n.分水岭,棚,小屋,工棚,货棚;v.把...放入棚内,流下"
spider,"n.蜘蛛,设圈套者,三脚架"
route,"n.路线,路程,通道;v.发送"
sheer,"adj.全然的,纯粹的,绝对的,彻底的,透明的,峻峭的;vi.避开,躲避,偏航;vt.使避开,使偏航;adv.完全,全然,峻峭;n.偏航"
spill,"n.溢出,溅出,摔下,木片,小塞子,暴跌,溢出量;vt.使溢出,使散落,洒,使流出,使摔下,倒出;vi.溢出,涌流,充满"
routine,"n.例行公事,常规,日常事务,程序"
shell,"n.贝壳,壳,外形,炮弹;vt.去壳,脱落,炮轰;vi.剥落,脱壳;[计]设定命令行解释器的位置"
spin,"v.旋转,纺,纺纱;n.旋转"
royal,"adj.王室的,皇家的,第一流的,高贵的"
shelter,"n.掩蔽处,身避处,掩蔽,保护,庇护所,掩体;v.掩蔽,躲避"
spiritual,adj.精神上的
rub,"v.擦,摩擦;rt.(～along)和谐相处,(～off)擦掉,擦破,(～out)把(记号,笔记,笔迹等)擦掉"
shield,"n.防护物,护罩,盾,盾状物;vt.(from)保护,防护;v.遮蔽"
spit,"n.唾液;v.吐(唾沫),吐出,发射,发出,喷吐"
rude,"adj.粗鲁的,无礼的,猛烈的,残暴的,粗鲁无礼的"
shift,"n.移动,轮班,移位,变化,办法,手段;vt.替换,转移,改变,移转,推卸,变速;vi.转换,移动,转变,推托,变速"
spite,"n.(in～of)不顾,不管,敌意;v.困扰"
rug,"n.(小)地毯,垫子"
shiver,"v.颤抖,打碎,碎裂;n.(无法控制的)颤抖,碎片"
splendid,"adj.壮丽的,辉煌的,极好的"
ruin,"v.(使)破产,(使)堕落,毁灭;n.毁灭,崩溃,废墟,遗迹"
shortage,"n.不足,缺乏"
split,"v.劈开,(使)裂开,分裂,分离;n.裂开,裂口,裂痕"
rumour,"n.[亦作rumor]谣言,传闻;v.谣传"
shortcoming,"n.缺点,短处"
spoil,"vt.损坏,搞糟,宠坏,溺爱;v.扰乱"
rural,"adj.乡下的,田园的,乡村风味的,生活在农村的"
shortly,"adv.立刻,不久,简略地,简言之,即刻"
spokesman,"n.发言人,代表者"
rust,n.铁锈;vt.(使)生锈
shrink,"v.收缩,(使)皱缩,缩短"
sponsor,"n.发起人,主办者,保证人,主办人;vt.发起,主办;v.赞助"
sack,"n.大袋,大袋之量,麻布袋,短而松的袍装,布袋装,洗劫;vt.解雇,装入袋,洗劫,就寝"
shrug,n.耸肩;v.耸肩
spot,"n.班点,污点,地点,场所,现场;v.沾污,弄脏,侦察;vt.认出,发现"
sacrifice,"n.牺牲,献身,祭品,供奉;v.牺牲,献出,献祭,供奉"
sideways,"adv.向一旁,向侧面地,斜地里;adj.一旁的,向侧面的"
spray,"n.喷雾,飞沫;vt.喷射,喷溅"
saddle,"n.鞍,鞍状物;v.承受"
sigh,"n.叹息,叹息声;vi.叹息,叹气"
spur,"n.踢马剌,剌激物,(鸟,虫等的)距,刺激;v.鞭策,刺激,疾驰,驱策"
sailor,"n.海员,水手,不大会晕船的人,船员"
sightseeing,n.观光
squeeze,"n.压榨,挤;v.压榨,挤,挤榨"
saint,"n.圣人,道德崇高的人,圣徒;adj.神圣;v.成为圣徒"
signal,"n.信号;adj.信号的;v.发信号,用信号通知"
stable,adj.稳定的
sake,"n.为了...之好处,出于对...的兴趣,缘故,理由,日本米酒"
signature,"n.签名,署名,信号"
stack,"n.堆,一堆,堆栈;v.堆叠"
salad,n.色拉
significance,"n.意义,重要性"
stadium,n.露天大型运动场
salary,n.薪水;vt.给...加薪
significant,"adj.有意义的,重大的,重要的"
staff,"n.棒,杖,杆,支柱,全体职员,[军]参谋机构,[音]五线谱;vt.供给人员,充当职员"
salesman,"n.售货员,推销员"
similar,"adj.相似的,类似的"
stain,"n.污点,瑕疵;v.染污,沾污"
sample,"n.标本,样品,例子;vt.取样,采样,抽取...的样品,试验的一部分,尝试"
similarly,"adv.同样地,类似于"
stake,n.树桩
sanction,"n.批准,同意,支持,制裁,认可;v.批准,同意,支持,鼓励,认可"
simplicity,"n.简单,简易,朴素,直率"
stale,"n.(牲畜等的)尿;adj.不新鲜的,陈腐的,疲倦的,陈旧的;vt.使变旧,走味;vi.变陈旧,变无味,失时效,撒尿"
satellite,n.人造卫星
simplify,"vt.单一化,简单化"
standpoint,"n.立场,观点"
satisfactory,"adj.满意的,赎罪的"
sin,"n.[俗]违背习俗,不合情理之事,过失,罪过,[数学]正弦函数"
stare,"v.(～at)凝视,盯着看"
sauce,"n.沙司,酱油,调味料;vt.调味,使增加趣味"
sincere,"adj.诚挚的,真实的,真诚的"
starve,vt.使饿死;vi.饿得要死
saucer,"n.茶托,碟子,茶碟"
single,"adj.单一的,单身的,单纯的,孤独的,专一的,个别的;n.一个,单打,单精度型;vt.选出;vi.[棒]作一垒打"
statement,"n.声明,陈述,综述"
sausage,"n.香肠,腊肠"
singular,"n.单数;adj.单一的,非凡的,异常的,持异议的"
static,"adj.静态的,静力的,静电噪声"
saving,"n.存款,挽救,救助,节约;adj.搭救的,挽救的,节约的,节俭的,保留的,补偿的;prep.除...之外,考虑到"
site,"n.地点,场所,遗址;vt.定...的地点;n.站点"
statistic,"n.统计量;adj.统计的,统计学的"
scale,"n.刻度,衡量,比例,数范围,比例尺,天平,等级;vt.比例决定,攀登,测量;vi.剥落,生水垢,重,攀登,衡量"
sketch,"n.略图,草图,概略,梗概,草图,拟定;vi.绘略图,素描;v.勾画"
statue,vt.以雕像装饰;n.雕像
scan,"v.细看,审视,浏览,扫描;n.扫描"
skilled,adj.熟练的
status,"n.身份,地位,情形,状况"
scandal,"n.丑行,丑闻,诽谤,耻辱,流言蜚语"
skillful,"adj.灵巧的,熟练的,制作精巧的"
steady,"adj.稳固的,稳定的,坚定的,扎实的,坚定不移的;v.(使)稳定,(使)稳固"
scarce,"adj.缺乏的,不足的,稀有的,不充足的"
skim,v.撇去
steamer,"n.汽船,蒸汽机"
scarcely,"adv.几乎不,简直没有"
slam,"v.砰地关上,砰地放下,猛力抨击,冲击;n.砰,猛击,撞击,冲击"
steep,"adj.陡峭的,险峻的,急剧升降的,不合理的;n.悬崖,峭壁,浸渍,浸渍液;v.浸,泡,沉浸"
scare,"v.惊吓,受惊,威吓;n.惊恐,恐慌,恐惧"
slap,"vt.拍,掌击,拍击;n.拍,掌击,拍击"
steer,"v.驾驶,掌舵"
scatter,"v.分散,散开,撒开,驱散"
sleeve,n.袖子
stem,"n.茎,干,词干,茎干;v.滋生,阻止"
scenery,"n.风景,景色"
slender,"adj.苗条的,微薄的,微弱的"
sticky,"adj.粘的,粘性的"
schedule,"n.时间表,进度表;v.确定时间"
slice,"n.薄片,切片,一份,部分,片段;v.切(片)"
stiff,"adj.硬的,僵直的,拘谨的,呆板的,艰难的,费劲的,僵硬的"
scheme,"n.安排,配置,计划,阴谋,方案,图解,摘要;v.计划,设计,图谋,策划"
slide,"v.(使)滑动,(使)滑行;n.滑,滑动,幻灯片"
stimulate,"vt.刺激,激励;v.刺激,激励"
scholar,n.学者
slight,"adj.轻微的,微小的"
sting,"n.刺,刺痛,针刺;v.刺,刺痛,刺激"
stir,"n.轰动,搅动,监牢;vt.动,移动,摇动,激起,搅和,惹起;vi.走动,传播,流行"
synthetic,"adj.合成的,人造的,综合的"
tremendous,"adj.极大的,巨大的"
stock,"n.树干,库存,股票,股份,托盘,祖先,血统,原料;adj.股票的,普通的,常备的,存货的,繁殖用的;vt.装把手于,进货,备有,放牧;vi.出新芽,采购"
system,"n.系统,体系,制度,体制,秩序,规律,方法"
trend,"n.倾向,趋势;vi.伸向,倾向,通向"
stocking,n.长袜
systematic(al),"adj.组织性的,系统的"
trial,"n.试验,考验,审讯,审判"
stoop,"n.弯腰,屈背,屈服;vi.弯下,弯下上身,屈服,弯腰,堕落;vt.俯曲,辱没"
tackle,"n.工具,复滑车,滑车,辘轱,用具,装备,扭倒;vt.固定,应付(难事等),处理,解决,抓住;vi.捉住,扭住,扭倒"
triangle,"n.[数]三角形,三人一组,三角关系"
storage,"n.贮藏(量),贮藏库,存储"
tag,"n.标签,鞋带、绳子等末端的金属物,垂下物,附属物,名称,标记符,陈词滥调,结束语;vt.加标签于,紧随,添饰,起浑名,连接;vi.紧随"
trim,"adj.整齐的,整洁的;vt.整理,修整,装饰"
stove,n.炉
talent,"n.天才,才干,才能"
triumph,"n.胜利,成功;v.获得胜利"
strain,"n.过度的疲劳,紧张,张力,应变;vt.扭伤,损伤;v.拉紧,扯紧,(使)紧张,尽力"
tame,"adj.(指动物)驯服的,柔顺的,(指人)没精打彩的,顺从的,被开垦的,沉闷的,乏味的,平淡的;vt.驯养,驯服,制服,使变得平淡;vi.变得驯服"
troop,"n.群,组,多数,军队;vi.群集,结队,成群而行;vt.把(骑兵)编成骑兵连"
strap,"n.带,皮带;vt.用带缚住,用带捆扎"
target,"n.目标,对象,靶子"
tropical,"adj.热带的,热情的"
strategic,"adj.战略的,战略上的"
tax,"n.税,税款,税金;vt.对...征税,使负重担,指控,责备"
troublesome,"adj.麻烦的,讨厌的,棘手的"
strategy,"n.策略,军略"
technician,"n.技术员,技师"
truly,"adv.真实地,不假"
straw,"n.稻草,麦杆"
technique,"n.技术,技巧,方法,表演法,手法"
trumpet,n.喇叭
stream,"n.溪,川,流,一股,一串,河流;v.流,涌,流注"
technology,"n.工艺,科技,技术"
trunk,"n.干线,树干,躯干,箱子,主干,象鼻;vt.把...放入旅行箱内;adj.树干的,躯干的,干线的,箱形的"
strengthen,"v.加强,巩固"
tedious,"adj.单调乏味的,沉闷的,冗长乏味的"
tube,"n.管,管子,[英]地铁,<美>电子管,显象管"
stress,"n.重压,逼迫,压力,重点,着重,强调,重音;vt.着重,强调,重读"
teenager,n.十几岁的青少年
tune,"n.曲调,调子,和谐,合调;vt.调音,调整,拨收,收听,知道或察觉他人所说的话或表现的情绪"
stretch,"v.伸展,伸长;n.一段时间,一段路程,伸展"
telescope,n.望远镜;v.压缩
tunnel,"n.隧道,地道"
striking,"adj.打击的,显著的,惊人的,罢工的"
temper,"n.(钢等)韧度,回火,性情,脾气,情绪,心情,调剂,趋向;v.(冶金)回火、锻炼,调和,调节"
turbine,n.涡轮
string,"n.线,细绳,一串,一行;v.排成一列"
temple,"n.庙,寺,神殿,教堂,礼拜堂,太阳穴,鬓角"
tutor,"n.家庭教师,(大学)指导教师,助教,监护人,辅导教师;v.辅导"
strip,"vt.剥,剥去;n.条,带"
temporary,"adj.暂时的,临时的,临时性"
twist,"n.一扭,扭曲,盘旋,曲折,歪曲,手法,螺旋状;vt.拧,扭曲,绞,搓,捻,使苦恼,使转动,编织;vi.扭弯,扭曲,缠绕,扭动,呈螺旋形"
stripe,"n.斑纹,条纹"
temptation,"n.诱惑,诱惑物"
typewriter,n.打字机
stroke,"n.击,敲,报时的钟声,(网球等)一击,(划船等)一划,(绘画等)一笔,一次努力,打击;vt.抚摸"
tend,"vi.趋向,往往是;vt.照管,护理"
typical,"adj.典型的,象征性的"
structure,"n.结构,构造,建筑物;vt.建筑,构成,组织"
tendency,"n.趋向,倾向"
typist,n.打字员
studio,"n.画室,照相室,工作室,(无线电或电视节目的)演播室,(制作电影的)摄影棚,(电影公司的)摄影场"
tender,"adj.嫩的,温柔的,软弱的"
tyre,n.轮胎;vt.装轮胎于
stuff,"n.原料,材料,素材资料;vt.塞满,填满,填充"
tense,"adj.紧张的,拉紧的;v.(使)紧张,(使)拉紧;n.[语法]时态"
ugly,"adj.丑陋的,难看的"
subject,"n.题目,主题,科目,学科,国民,[语法]主语;adj.受他国统治的,未独立的,受制于...的,受...影响的,以...为条件的;vt.使屈从于...,使隶属"
tension,"n.紧张(状态),不安,拉紧,压力,张力,牵力,电压;vt.拉紧,使紧张"
ultimate,"adj.最后的,最终的,根本的;n.最终"
submerge,"v.浸没,淹没,掩没;vi.潜水"
terminal,"n.终点站,终端,接线端;adj.末期,每期的,每学期的"
umbrella,"n.伞,雨伞,庇护"
submit,"v.(使)服从,(使)顺从;vt.提交,递交"
territory,"n.领土,版图,地域"
uncover,"vt.揭开,揭露;v.揭示"
subsequent,"adj.后来的,并发的"
terror,"n.恐怖,可怕的人,恐怖时期,恐怖行动"
undergo,"vt.经历,遭受,忍受"
substance,"n.物质,实质,主旨"
textile,n.纺织品;adj.纺织的
undergraduate,"n.大学肄业生,(尚未取得学位的)大学生;adj.大学生的"
substantial,"adj.坚固的,实质的,真实的,充实的"
theme,"n.(谈话,写作等的)题目,主题,学生的作文,作文题,[音乐]主题,主题曲,主旋律"
underground,"adj.地下的,地面下的,秘密的;n.[英]地铁;adv.在地下,秘密地"
substitute,"n.代用品,代替者,替代品;v.代替,替换,替代"
theoretical,理论的
underline,"vt.在...下面划线,作...的衬里,加下划线,强调;n.下划线"
subtract,"v.(～from)减去,减"
theory,"n.理论,学说,...论,原理,意见,推测"
underneath,adv.在下面;prep.在...的下面
suburb,"n.市郊,郊区"
therapy,n.治疗
understanding,"n.谅解,理解"
subway,"n.地道,<美>地铁"
thereby,"adv.因此,从而,在那方面,在那附近"
undertake,"vt.承担,担任,许诺,保证;v.采取"
succession,"n.连续,继承,继任,演替,[农业]轮栽,连续性"
therefore,"adv.因此,所以"
undo,"vt.解开,松开;v.取消,撤消"
successive,"adj.继承的,连续的"
thermometer,"n.温度计,体温计"
undoubtedly,"adv.无庸置疑地,的确地"
suck,"v.吸,吮,吸取"
thick,"adj.厚的,粗的,稠的,浓的;n.最拥挤部份,活动最多部份,事物的粗大浓密部份"
uneasy,"adj.心神不安的,不自在的,不稳定的,不舒服的;adv.心神不安地,不自在地,不稳定地"
suffer,"vt.遭受,经历,忍受;vi.受痛苦,受损害"
thinking,n.思想
unexpected,"adj.想不到的,意外的,未预料到"
sufficient,"adj.充分的,足够的"
thirsty,"adj.口渴的,渴望的,热望的"
unfortunately,adv.不幸地
suggestion,"n.提议,意见,暗示,微量"
thorough,"adj.十分的,彻底的"
union,"n.联合,合并,结合,联盟,协会"
suicide,"n.自杀,自毁,给自己带来伤害或损失的行为"
thoughtful,"adj.深思的,有思想性的,体贴的,关切的"
unique,"adj.唯一的,独特的"
sum,"n.总数,和,金额,算术题"
threat,"n.恐吓,凶兆,威胁"
unite,"v.联合,团结"
summarize,"v.概述,总结,摘要而言"
threaten,"vt.恐吓,威胁,预示(危险),似有发生或来临的可能,可能来临"
unity,"n.团结,联合,统一,一致"
summary,"n.摘要,概要"
thrive,"v.兴旺,繁荣,茁壮成长,旺盛"
universal,"adj.普遍的,全体的,通用的,宇宙的,世界的"
summit,"n.顶点,最高阶层;adj.政府首脑的;vi.参加最高级会议的"
throat,"n.咽喉,喉咙,嗓音,窄路,口子;vt.用喉音说,开沟于"
universe,"n.宇宙,世界,万物,领域"
sunlight,"n.日光,阳光,日照"
thrust,"n.插,戳,刺,推力,猛推,口头攻击;vt.力推,冲,插入,挤进,刺,戳,强加,延伸;vi.插入,刺,戳,延伸,强行推进"
unless,"conj.如果不,除非"
sunrise,n.日出
thumb,"n.拇指;vt.以拇指拨弄,笨拙处理,弄坏,翻阅,作搭车手势;vi.用拇指翻书页"
unlike,"adj.不同的,不相似的;prep.不象...,和...不同"
sunset,"n.日落,晚年"
thunder,"n.雷,雷声,轰隆声;vi.打雷,雷鸣"
unload,"vi.卸货,退子弹;vt.摆脱...之负担,倾销,卸"
sunshine,n.阳光
tide,"n.潮,潮汐,潮流,趋势"
unusual,"adj.不平常的,与众不同的,不寻常的"
superb,"adj.庄重的,堂堂的,华丽的,极好的"
tidy,"n.椅子的背罩,装杂碎的容器;adj.整齐的,整洁的,精简的;vt.弄整齐,收拾,整理;vi.整理,收拾;adj.<口>可观的,相当大的"
upper,"adj.上面的,上部的,较高地位的"
superficial,"adj.表面的,肤浅的,浅薄的"
timber,"n.木材,木料"
upright,"adj.垂直的,竖式的,正直的,诚实的,合乎正道的;adv.笔直,竖立着;n.垂直,竖立"
superior,"n.长者,高手,上级;adj.较高的,上级的,上好的,出众的,高傲的"
tissue,"n.薄的纱织品,薄纸,棉纸,[生]组织,连篇"
upset,"vt.颠覆,推翻,扰乱,使不适,使心烦;vi.翻倒,倾覆;n.翻倒,混乱"
supplement,"n.补遗,补充,附录,增刊;v.补充"
title,"n.头衔,名称,标题,冠军,资格,字幕,权利,扉页;vt.赋予头衔,加标题于;adj.标题的,用作书名的"
up-to-date,"adj.直到现在的,最近的,当代的,新式的"
supply,"n.补给,供给,供应品;vt.补给,供给,提供,补充,代理;vi.替代他人职务"
toast,"n.烤面包(片),吐司面包,干杯;vt.敬酒,烤(面包等),使暖和;vi.烤暖,烤火,烘"
urban,"adj.城市的,市内的（suburbn.市郊,郊区;exurbn.城市远郊,城市远郊富裕居住区）"
support,"vt.支撑,扶持,支持,支援,拥护,维持,赡养,忍受;n.支撑,支持,支援,维持,赡养,支持者,支柱"
tolerance,"n.公差,宽容,忍受,容忍,(食物中残存杀虫剂的)(法定)容许量;vt.给(机器部件等)规定公差"
urge,"vt.催促,力劝;n.强烈欲望,迫切要求;v.促进"
suppose,"vt.推想,假设,猜想;vi.料想;conj.假使...结果会怎样"
tolerate,"vt.忍受,容忍"
urgent,"adj.急迫的,紧急的"
supreme,"adj.极度的,极大的,至高的,最高的"
tone,"n.音调,音质,语调,色调,状况,品质,语气,气氛;vt.调和,增强,以特殊腔调说,配合,定音调;vi.颜色调和"
usage,"n.使用,用法"
surgery,"n.外科,外科学,手术室,诊疗室"
topic,"n.话题,主题"
utility,"n.效用,有用"
surplus,"n.剩余,过剩,[会计]盈余;adj.过剩的,剩余的;vt.转让,卖掉"
torch,"n.火把,启发之物;vi.像火炬一样燃烧;vt.用火炬点燃"
utilize,vt.利用
surrender,"vt.交出,放弃,使投降,听任;vi.投降,自首;n.交出,放弃,投降;投降算了"
torture,"n.折磨,痛苦,拷问,拷打;vt.拷问,曲解,折磨,使弯曲"
utmost,"n.极限,最大可能,极力;adj.极度的,最远的"
surround,"vt.包围,环境;v.围绕"
tough,"n.恶棍;adj.强硬的,艰苦的,坚强的,坚韧的,强壮的,吃苦耐劳的,凶恶的,粗暴的;adv.<口>强硬地,顽强地;vt.<美口>忍受,耐,坚持"
utter,"adj.全然的,绝对的;vt.发出,做声,发表,发射,流通"
surrounding,"n.围绕物,环境;adj.周围的"
tour,"n.旅行,游历,旅游;v.旅行,游历,巡回,漫游"
vacant,"adj.空的,空白的,空灵的,头脑空虚的,神情茫然的,空闲的,空缺的"
survey,"n.测量,调查,俯瞰,概观,纵览,视察;vt.调查(收入,民意等)测量,勘定,审视,视察,俯瞰,通盘考虑;vi.测量土地"
towel,"n.手巾,毛巾;v.用毛巾擦"
vacation,"n.假期,休假,(房屋等的)腾出;v.<美>度假,休假"
survival,"n.生存,幸存,残存,幸存者,残存物"
trace,"n.痕迹,踪迹,微量,迹线,缰绳;vt.描绘,映描,画轮廓,追踪,回溯,探索;vi.上溯,沿路走"
vacuum,"n.真空,空间,真空吸尘器;adj.真空的,产生真空的,利用真空的;vt.用真空吸尘器打扫"
survive,"v.幸免于,幸存,生还"
tractor,n.拖拉机
vague,"adj.含糊的,不清楚的,茫然的,暧昧的"
suspect,"n.嫌疑犯;adj.令人怀疑的,不可信的,可疑的;v.怀疑,猜想,对...有所觉察"
tradition,"n.传统,惯例"
vain,"adj.徒然的,无益的,虚荣的,空虚的,自负的,愚蠢的"
suspend,"vt.吊,悬挂;v.延缓"
tragedy,"n.悲剧,惨案,悲惨,灾难"
valid,"adj.[律]有效的,有根据的,正当的,正确的"
suspicion,"n.猜疑,怀疑"
trail,"n.踪迹,痕迹,形迹;vt.跟踪,追踪,拉,拖,拖拉,(指植物)蔓生,蔓延,(指人)没精打采地走"
van,"n.有篷货车,先锋,前驱,前卫;vt.用车搬运"
sustain,"vt.支撑,撑住,维持,持续"
transfer,"n.迁移,移动,传递,转移,调任,转帐,过户,转让;vt.转移,调转,调任,传递,转让,改变;vi.转移,转学,换车"
vanish,"vi.消失,突然不见,[数]成为零;n.[语]弱化音"
swallow,"n.[鸟]燕子,吞咽,喉;vt.咽,淹没,吞没,取消,忍受,轻信,压制,耗尽;vi.吞下,咽下"
transform,"vt.转换,改变,改造,使...变形;vi.改变,转化,变换;n.[数]变换(式),[语]转换"
vapour,"n.蒸汽,水蒸气"
sway,"v.摇摆,摇动"
translation,"n.翻译,译文,转化,调任,转换[物][数]平移"
variable,"n.[数]变数,可变物,变量;adj.可变的,不定的,易变的,[数]变量的"
swear,"vi.诅咒;v.宣誓,发誓"
transmission,"n.播送,发射,传动,传送,传输,转播"
variation,"n.变更,变化,变异,变种,[音]变奏,变调"
swell,"v.(使)膨胀,增大"
transmit,"vt.传输,转送,传达,传导,发射,遗传,传播;vi.发射信号,发报"
variety,"n.变化,多样性,种种,品种,种类"
swift,"n.[鸟]雨燕,(梳棉机等的)大滚筒;adj.迅速的,快的,敏捷的,立刻的;adv.迅速地,敏捷地"
transparent,"adj.透明的,显然的,明晰的"
various,"adj.不同的,各种各样的,多方面的,多样的"
swing,"v.摇摆,摆动,回转,旋转;n.秋千,摇摆,摆动"
transport,"n.传送器,运输,运输机,激动,流放犯,狂喜;vt.传送,运输,流放,放逐"
vary,"vt.改变,变更,使多样化;vi.变化,不同,违反"
switch,"n.开关,电闸,转换;vt.转换,转变"
transportation,"n.运输,运送"
vast,"adj.巨大的,辽阔的,大量的,巨额的"
sword,n.剑
trap,"n.圈套,陷阱,诡计,活板门,存水弯,汽水闸,(双轮)轻便马车;vi.设圈套,设陷阱;vt.诱捕,诱骗,计捉,设陷,坑害,使受限制"
vehicle,"n.交通工具,车辆,媒介物,传达手段"
symbol,"n.符号,记号,象征"
trash,"n.无价值之物,无聊的作品,垃圾,废物"
venture,"n.冒险,投机,风险;v.冒险,冒昧,斗胆,胆敢(谦语)"
sympathetic,"adj.有同情心的,合意的,赞成的;n.[解]交感神经,容易感受的人"
tray,"n.盘,碟,盘子"
verify,"vt.检验,校验,查证,核实;[计]打开或关闭文件的读写校验"
sympathize,"vi.同情,共鸣,同感,同意,吊唁"
treatment,"n.待遇,对待,处理,治疗"
version,"n.译文,译本,翻译"
sympathy,"n.同情,同情心"
treaty,"n.条约,谈判"
vertical,"adj.垂直的,直立的,顶点的,[解]头顶的;n.垂直线,垂直面,竖向"
symptom,"n.[医][植]症状,征兆"
tremble,"n.战栗,颤抖;vi.战栗,发抖,震动,(树叶等)摇晃.摇动,焦虑;vt.挥动,用颤抖的声音说出"
vessel,"n.船,容器,器皿,脉管,导管"
veteran,"n.老兵,老手,富有经验的人,退伍军人;adj.老兵的,经验丰富的"
wrist,"n.手腕,腕关节"
interact,"vi.互相作用,互相影响"
via,"prep.经,通过,经由"
writer,"n.作者,作家,复写器"
invariably,"adv.不变地,总是;n.总是"
vibrate,"v.(使)振动,(使)摇摆"
writing,"n.笔迹,作品,著述"
irrigation,"n.灌溉,冲洗"
vice,"n.恶习,恶行,坏脾气,罪恶,堕落,老虎钳,缺点,缺陷;vt.钳住;prep.代替"
X-ray,X-raysX光，X射线
likelihood,"n.可能,可能性"
victim,"n.受害人,牺牲者,牺牲品"
yawn,"v.打呵欠,张开,裂开;n.呵欠"
literacy,n.有文化，有教养，有读写能力
video,"n.电视,录象,视频"
yearly,adj.每年的;adv.每年
locality,"n.位置,地点"
viewpoint,n.观点
yield,"v.出产,生长,生产;vi.(～to)屈服,屈从;n.产量,收益"
lounge,"n.闲逛,休闲室,长沙发;vi.闲荡,懒洋洋地躺卧;vt.虚度光阴"
vigorous,"adj.精力旺盛的,有力的,健壮的"
youngster,"n.年青人,少年"
memorize,"v.[亦作memorise]记住,记忆"
vinegar,n.醋
zone,"n.地域,地带,地区,环带,圈;vt.环绕,使分成地带;vi.分成区"
monetary,"adj.货币的,金钱的"
violate,"vt.违犯,亵渎(圣物),冒犯,干扰,违反,妨碍,侵犯,强暴"
abundance,"n.丰富,充裕,丰富充裕"
monopoly,"n.垄断,垄断者,专利权,专利事业"
violence,"n.猛烈,强烈,暴力,暴虐,暴行,强暴"
accommodate,"vt.供应,供给,使适应,调节,和解,向...提供,容纳,调和;vi.适应"
morality,adj.道德的;n.道德
violet,n.紫罗兰;adj.紫罗兰色的
aerial,"adj.航空的,生活在空气中的,空气的,高耸的;n.天线"
muscular,"adj.肌肉的,强健的"
violin,"n.小提琴,小提琴手"
aisle,"n.走廊,过道"
notwithstanding,"prep.虽然,尽管;adv.尽管,还是;conj.虽然,尽管"
virtual,"adj.虚的,实质的,[物]有效的,事实上的"
ambitious,"adj.有雄心的,野心勃勃的"
nurture,"n.养育,教育,教养,营养品;vt.养育,给与营养物,教养"
virtually,"adv.事实上,实质上"
applaud,"v.拍手喝彩,称赞,赞同"
olive,"n.橄榄树,橄榄叶,橄榄枝,橄榄色"
virtue,"n.德行,美德,贞操,优点,功效,效力,英勇(vertu[vE:5tu:]n.艺术品或古董,爱好古董者)"
appraisal,"n.评价,估价(尤指估价财产,以便征税),鉴定"
optimum,n.最适宜;adj.最适宜的
virus,"n.[微]病毒,滤过性微生物,毒害,恶毒(vires[5vaiEri:z]n.活力)"
auction,n.拍卖;vt.拍卖
paperback,"n.平装本,纸面本"
visible,"adj.看得见的,明显的,显著的;n.可见物"
aviation,"n.飞行,航空,航空学,航空术"
pedestrian,"n.步行者;adj.徒步的,呆板的,通俗的"
vision,"n.视力,视觉,先见之明,眼力,想象力,幻想,幻影,景象;vt.梦见,想象,显示"
bachelor,"n.单身汉,文理学士,幼雄兽"
permissible,adj.可允许的
visual,"adj.看的,视觉的,形象的,栩栩如生的"
baffle,"vt.困惑,阻碍,为难"
pest,n.有害物
vital,"adj.生死攸关的,重大的,生命的,生机的,至关重要的,所必需的"
ballet,"n.芭蕾舞,芭蕾舞剧,芭蕾舞乐曲"
physiological,"adj.生理学的,生理学上的"
vitamin,"n.维他命,维生素"
beforehand,adv.预先
plague,"n.瘟疫,麻烦,苦恼,灾祸;vt.折磨,使苦恼,使得灾祸"
vivid,"adj.生动的,鲜明的,鲜艳的,大胆的,清晰的,活泼的,逼真的"
breakthrough,n.突破
preach,v.鼓吹
vocabulary,"n.词汇,词汇量,词表"
briefcase,"n.(扁平的,柔韧的,装文件,书报的)公文包"
premature,"adj.未成熟的,太早的,早熟的"
volcano,n.火山
brutal,"adj.残忍的,兽性的"
prescription,"n.指示,规定,命令,处方,药方"
volt,"n.(马术中的)环骑,[击剑]闪避,[电工]伏特"
calorie,n.卡路里
prestige,"n.声望,威望,威信"
voltage,"n.[电工]电压,伏特数"
casualty,n.伤亡
prevalent,"adj.普遍的,流行的"
volume,"n.卷,册,体积,量,大量,音量"
census,n.人口普查
productive,"adj.生产性的,生产的,能产的,多产的"
voluntary,"adj.自动的,自愿的,主动的,故意的,非官办的,志愿的,自发的"
cling,"vi.粘紧,附着,紧贴,坚持(意见),墨守(习惯)"
productivity,n.生产力
volunteer,"n.志愿者,志愿兵;adj.志愿的,义务的,无偿的;v.自愿"
cognitive,"adj.认知的,认识的,有感知的"
profess,v.表示
vote,"n.投票,选票,表决,得票数;vi.投票;vt.投票,投票决定,公认,<口>建议,使投票"
commonplace,"n.平凡的事,平常话;adj.平凡的"
profitable,adj.有利可图的
wagon,"n.四轮马车,货车;v.用马车运输货物"
compensate,"v.偿还,补偿,付报酬"
profound,"adj.深刻的,意义深远的,渊博的,造诣深的"
waist,"n.腰部,腰,衣服的上身部分,背心"
concise,"adj.简明的,简练的"
prospective,adj.预期的
waken,vi.醒来;vt.唤醒
conform,"vt.使一致,使遵守,使顺从;vi.符合,相似,适应环境;adj.一致的,顺从的"
pumpkin,n.南瓜
wander,"vi.漫步,徘徊,迷路,迷失方向,离题"
consequent,"adj.作为结果的,随之发生的"
purity,"n.纯净,纯洁,纯度"
warmth,"n.暖和,温暖,热心,热情"
console,"vt.安慰,藉慰;n.[计]控制台"
pursuit,n.追击
waterproof,"adj.防水的,不透水的"
continuity,"n.连续性,连贯性"
quest,n.寻求
wax,"n.蜡,蜡状物,增加,月亮由亏转盈;vi.变大,增大,月亮渐满;vt.上蜡于"
cooperative,"adj.合作的,协力的"
random,"n.随意,任意;adj.任意的,随便的,胡乱的;adv.胡乱地"
weaken,"v.削弱,(使)变弱"
corporate,"adj.社团的,法人的,共同的,全体的"
rap,"n.叩击,轻拍,轻敲,斥责;vt.敲,拍,打,厉声说出,斥责,使着迷;vi.敲击,交谈;abbr.[军]RocketAssistedProjectile,火箭助推炮弹"
wealth,"n.财富,财产,大量"
costume,"n.装束,服装"
recite,"v.背诵,朗读,叙述,[律]书面陈述(事实)"
wealthy,"adj.富有的,丰裕的,充分的;n.富人,有钱人"
courtesy,"n.谦恭,允许,礼貌"
reconcile,"vt.使和解,使和谐,使顺从"
weapon,n.武器
coverage,n.覆盖
recycle,"v.使再循环,反复应用;n.再循环,再生,重复利用"
weave,"n.编法,织法,编织;vt.编织,组合,编排,使迂回前进;vi.纺织,迂回行进,摇晃;n.织法,织物"
creation,"n.创造,创作物"
referee,"n.仲裁人,调解人,[体]裁判员;v.仲裁,裁判"
weed,"n.野草,杂草;v.除草,铲除"
cumulative,adj.累积的
relay,"n.驿马,接替,[电工]继电器;vt.(消息,货物等)分程传递,使接替,转播;vi.得到接替,转播"
weekly,"adj.每星期的,一周的;adv.每周一次;n.周刊,周报"
deadly,"adj.致命的,势不两立的,死一般的,极度的,必定的"
repertoire,"n.(准备好演出的)节目,保留剧目,(计算机的)指令表,指令系统,<美>(某个人的)全部技能"
weep,"n.哭,哭泣,滴下;vi.哭泣,流泪,哀悼,滴落;vt.哭着使...,悲叹,滴下"
decisive,adj.决定性的
residential,"adj.住宅的,与居住有关的"
weld,"vt.焊接;n.焊接,焊缝"
defiance,"n.挑战,蔑视,挑衅"
reunion,"n.团圆,重聚"
welfare,"n.福利,安宁,幸福,福利事业,社会安全;adj.福利的"
deficiency,"n.缺乏,不足"
revelation,"n.显示,揭露,被揭露的事,新发现,启示,揭示"
well-known,"adj.众所周知的,有名的,清楚明白的"
destructive,adj.破坏(性)的
revenge,"n.报仇,复仇;vt.替...报仇,复仇"
whale,n.鲸;v.捕鲸
diligent,"adj.勤勉的,用功的,细心而继续不断的"
revolve,"v.(使)旋转,考虑,循环出现"
whatsoever,pron.任何，无论什么（用于否定句中以加强语气）
disastrous,"adj.损失惨重的,悲伤的"
scrutiny,n.详细审查
whereas,"conj.然而,反之,鉴于,尽管,但是"
divine,"adj.神的,神圣的,非凡的,超人的,非常可爱的;n.牧师"
seemingly,adv.表面上地
whichever,"pron.无论那一个,任何一个"
dock,"n.<美>码头,船坞,被告席,尾巴的骨肉部分;vt.靠码头,引入坞,剪短;vi.入船坞"
silicon,"n.[化]硅,硅元素"
whilst,"conj.时时,同时（与while同义）"
endurance,"n.忍耐(力),持久(力),耐久(性)"
slogan,"n.口号,标语"
whip,"n.鞭子,车夫;v.鞭打,抽打,突然移动"
energetic,"adj.精力充沛的,积极的"
smuggle,"n.走私,偷带;v.走私"
whisper,"n.耳语,私语,密谈,谣传,飒飒的声音;vi.耳语,密谈,飒飒地响;vt.低声说"
enrich,"vt.使富足,使肥沃,装饰,加料于,浓缩"
snack,"n.小吃,快餐,一份;v.吃快餐(小吃)"
whistle,"n.口哨,汽笛,口哨声,汽笛声;v.吹口哨,鸣汽笛"
enthusiastic,"adj.热心的,热情的"
solitary,adj.孤独的
whoever,"pron.任何人,无论谁"
erosion,"n.腐蚀,侵蚀"
stability,n.稳定性
wholly,"adv.整个,统统,全部,专门地"
eternal,"adj.永恒的,永远的,不灭的,没完没了的"
stationary,固定的
wicked,"adj.坏的,邪恶的,缺德的,不道德的,恶劣的,刻毒的,淘气的(wick[wik]n.蜡烛心,灯芯,油绳v.通过毛细作用带走)"
ethnic,"adj.人种的,种族的,异教徒的"
stereo,"n.立体声系统,立体声,[印]铅版,立体照片;adj.立体的,立体感觉的"
widen,"v.加宽,放宽,扩展"
expedition,"n.远征,探险队,迅速,派遣"
stern,"adj.严厉的,苛刻的;n.船尾"
widespread,"adj.分布广泛的,普遍的"
fake,"n.假货,欺骗;adj.假的;vt.伪造,赝造,捏造,假造,仿造;vi.伪装"
subjective,"adj.主观的,个人的"
widow,n.寡妇;v.使成寡妇(或鳏夫)
fitting,"adj.适合的,相称的,适宜的;n.试穿,试衣,装配,装置"
subordinate,"adj.次要的,从属的,下级的;n.下属;v.服从"
width,"n.宽度,宽广,广博,有一定宽度的东西(如一快布料等)"
flaw,"n.缺点,裂纹,瑕疵,一阵狂风;vt.使破裂,使有缺陷,使无效;vi.生裂缝,变的有缺陷"
sue,"vt.控告,向...请求,请愿;vi.提出诉讼,提出请求"
wisdom,"n.智慧,明智的行为,学识,名言,贤人,至理名言"
foster,"vt.养育,抚育,培养,鼓励,抱(希望);n.养育者,鼓励者"
telecommuications,"n.电讯,长途通讯,无线电通讯,电信学"
wit,"n.智力,才智,智慧"
grim,adj.严酷的
thereafter,"adv.其后,从那时以后"
withdraw,"vt.收回,撤消;vi.缩回,退出;v.撤退"
heighten,"v.提高,升高"
tile,"n.瓦片,瓷砖"
withstand,"vt.抵挡,经受住"
heir,"n.继承人,后嗣"
timely,"adj.及时的,适时的"
witness,"n.[律]证人,目击者,证据,证明,证词;vt.目击,为...作证,证明,表明;vi.作证,成为证据"
heritage,"n.遗产,继承权,传统"
token,"n.表示,向征,记号,代币;adj.象征的,表意的"
wolf,"n.狼,残忍贪婪之人,极度的穷困;vt.狼吞虎咽,大吃;vi.猎狼"
hum,"v.嗡嗡叫,哼;n.嗡嗡声,吵杂声"
tolerant,"adj.容忍的,宽恕的,有耐药力的"
wool,"n.羊毛,毛织品,毛线,绒线,毛料衣物"
humanity,"n.人性,人类,博爱,仁慈"
toll,"n.通行税(费),费,代价,钟声;vt.征收,敲钟,鸣(钟)(特指宣布死亡),勾引,引诱;vi.征税,鸣钟"
workman,"n.工人,工匠,男工"
hurricane,"n.飓风,狂风"
tract,"n.广阔的地面,土地,地方,地域,(解剖)管道,小册子"
workshop,"n.车间,工场"
identification,"n.辨认,鉴定,证明,视为同一"
transient,"adj.短暂的,瞬时的;n.瞬时现象"
world-wide,adj.全世界的
illusion,n.幻想
transition,"n.转变,转换,跃迁,过渡,变调"
worm,"n.虫,蠕虫,蚯蚓,蜗杆,螺纹,小人物;vi.蠕行,慢慢前进;vt.使蠕行,慢慢地走,给(烟草作物)除虫"
imaginative,"adj.想象的,虚构的"
tuition,n.学费
worship,"n.崇拜,礼拜,尊敬;vi.敬神,拜神;vt.崇拜,尊敬"
imitation,"n.模仿,效法,冒充,赝品,仿造物"
unemployment,"n.失业,失业人数"
worthless,"adj.无价值的,无益的"
imperative,"n.命令,诫命,需要,规则,祈使语气;adj.命令的,强制的,紧急的,必要的,势在必行的,[语法]祈使的"
unify,"vt.统一,使成一体"
worthwhile,"adj.值得做的,值得出力的"
indicative,"adj.(～of)指示的,预示的,可表示的"
versus,"prep.对(指诉讼,比赛等中),与...相对"
worthy,"n.杰出人物,知名人士;adj.有价值的,应...的,可敬的,值得的,相称的"
induce,"vt.劝诱,促使,导致,引起,感应"
vocal,"adj.发嗓音的,声音的,有声的,歌唱的;n.元音,声乐作品"
wrap,"n.外套,围巾,包裹,秘密,约束,限制;vt.包装,卷,缠绕,包,覆盖,裹,遮蔽,隐藏;vi.缠绕,重叠,穿外衣,包起来"
inland,"adj.内陆的,国内的;adv.在内地,向内地;n.内地"
vulnerable,"adj.易受攻击的,易受...的攻击"
wreck,"n.失事船(或飞机),残骸,(船,飞机的)失事;vt.破坏,拆毁"
instrumental,"adj.仪器的,器械的,乐器的"
wallet,"n.皮夹,钱夹,钓鱼带"
wardrobe,"n.衣柜,衣厨,衣室,衣服,行头,剧装"
warfare,"n.战争,作战,冲突,竞争"
